Position,Pool,shRNA,GeoMean
12_B02,2,Pcgf2.1,721.819896834724
12_B03,2,Phf20.1,610.108761708276
12_B04,2,Phf20l1.1,432.757827875877
12_B05,2,Phf2.1,720.880409949149
12_B06,2,Pcgf6.1,351.95841638144
12_B07,2,Prdm1.1,593.201286432876
12_B08,2,Phip.1,411.243897235175
12_B09,2,Phf1.1,354.684365122614
12_B10,2,Pcgf5.1,278.779410432081
12_B11,2,Polr2b.1,608.865258739416
12_C02,2,Phip.2,480.058926918324
12_C03,2,Pcmt1.1,535.781348057729
12_C04,2,Pcgf2.2,537.980566618455
12_C05,2,Polr2b.2,866.592771037537
12_C06,2,Phf8.1,510.235329879052
12_C07,2,Phf20l1.2,459.13193863887
12_C08,2,Pcgf6.2,637.717147986718
12_C09,2,Ppargc1a.1,524.164382350454
12_C10,2,Phf20.2,580.505688548275
12_C11,2,Phf19.1,633.135142850088
12_D02,2,Pcgf5.2,616.753840276892
12_D03,2,Ppargc1a.2,487.502257800127
12_D04,2,Phf20.3,775.436248269644
12_D05,2,Phc1.1,553.04024518496
12_D06,2,Pcmt1.2,595.560630919279
12_D07,2,Ppargc1a.3,484.313833304137
12_D08,2,Phf8.2,518.872116796968
12_D09,2,Phf1.2,555.02517458546
12_D10,2,Pcgf2.3,480.106070568088
12_D11,2,Prdm1.2,531.329733588
12_E02,2,Phf19.2,465.37053595518
12_E03,2,Phf2.2,586.501384621714
12_E04,2,Pcgf2.4,462.449008260719
12_E05,2,Phip.3,527.195132848408
12_E06,2,Phf20l1.3,437.907377173696
12_E07,2,Phc1.2,620.023331454335
12_E08,2,Pcgf5.3,561.335949164858
12_E09,2,Polr2b.3,609.444292472068
12_E10,2,Phf8.3,519.807273374886
12_E11,2,Phf1.3,476.289246280219
12_F02,2,Pcgf6.3,520.155701858375
12_F03,2,Prdm1.3,624.509112638046
12_F04,2,Phf20l1.4,626.128180727561
12_F05,2,Phc1.3,673.158448389892
12_F06,2,Pcmt1.3,734.835548496356
12_F07,2,Phip.4,668.570657544445
12_F08,2,Phf2.3,621.806877793791
12_F09,2,Phf19.3,456.789829070147
12_F10,2,Pcmt1.4,607.199738305714
12_F11,2,Polr2b.4,1003.12455962125
12_G02,2,Phf8.4,1607.43462230126
12_G03,2,Phf19.4,311.279503128754
12_G04,2,Pcgf5.4,735.85514231903
12_G05,2,Prdm1.4,461.560553464489
12_G06,2,Ppargc1a.4,434.634328855997
12_G07,2,Phc1.4,563.984915213415
12_G08,2,Pcgf6.4,450.708493578473
12_G09,2,Phf20.4,524.919251352683
12_G10,2,Phf1.4,535.646584028054
12_G11,2,Phf2.4,499.506231291118
13_B02,2,Prdm10.1,590.542530538868
13_B03,2,Prdm5.1,877.222916582483
13_B04,2,Prdm6.1,525.11384566821
13_B05,2,Prdm4.1,627.669670317423
13_B06,2,Prdm12.1,618.829290663588
13_B07,2,Prkcd.1,717.133279096365
13_B08,2,Prdm9.1,557.145589506526
13_B09,2,Prdm15.1,773.015676319541
13_B10,2,Prdm11.1,876.888362421531
13_B11,2,Prkaa1.1,517.420077658346
13_C02,2,Prdm9.2,430.175494187398
13_C03,2,Prdm13.1,685.61084015991
13_C04,2,Prdm10.2,725.424386406071
13_C05,2,Prkaa1.2,709.702960287768
13_C06,2,Prdm8.1,531.411087669294
13_C07,2,Prdm6.2,622.498578070715
13_C08,2,Prdm12.2,780.089716467252
13_C09,2,Prkaa2.1,456.607129624889
13_C10,2,Prdm5.2,397.351938855292
13_C11,2,Prdm2.1,405.336854443334
13_D02,2,Prdm11.2,583.126262326709
13_D03,2,Prkaa2.2,695.613113385834
13_D04,2,Prdm5.3,777.576142062079
13_D05,2,Prdm14.1,669.430108447536
13_D06,2,Prdm13.2,523.292972991974
13_D07,2,Prkaa2.3,579.755921254889
13_D08,2,Prdm8.2,836.799077789114
13_D09,2,Prdm15.2,859.545422439805
13_D10,2,Prdm10.3,473.013672159286
13_D11,2,Prkcd.2,461.917457143431
13_E02,2,Prdm2.2,561.506378497625
13_E03,2,Prdm4.2,741.747954823882
13_E04,2,Prdm10.4,669.638303796036
13_E05,2,Prdm9.3,756.551668027461
13_E06,2,Prdm6.3,792.792032363183
13_E07,2,Prdm14.2,760.16601077219
13_E08,2,Prdm11.3,622.366793480915
13_E09,2,Prkaa1.3,553.146409200549
13_E10,2,Prdm8.3,693.980772750021
13_E11,2,Prdm15.3,596.636971917978
13_F02,2,Prdm12.3,675.547141946508
13_F03,2,Prkcd.3,549.16092476314
13_F04,2,Prdm6.4,599.483860916889
13_F05,2,Prdm14.3,585.523134476564
13_F06,2,Prdm13.3,591.836322837946
13_F07,2,Prdm9.4,638.102201980226
13_F08,2,Prdm4.3,743.716634591816
13_F09,2,Prdm2.3,585.916332823002
13_F10,2,Prdm13.4,771.147366544443
13_F11,2,Prkaa1.4,621.565450486616
13_G02,2,Prdm8.4,539.570673970818
13_G03,2,Prdm2.4,468.497462646555
13_G04,2,Prdm11.4,548.909545956308
13_G05,2,Prkcd.4,812.801479302531
13_G06,2,Prkaa2.4,665.809016106688
13_G07,2,Prdm14.4,406.805830920059
13_G08,2,Prdm12.4,466.961835942562
13_G09,2,Prdm5.4,519.384301834775
13_G10,2,Prdm15.4,624.235057167376
13_G11,2,Prdm4.4,423.965891766102
14_B02,2,Prmt1.1,525.035760321988
14_B03,2,Rbbp4.1,523.646945159411
14_B04,2,Rbbp5.1,457.234477893405
14_B05,2,Psip1.1,600.376262561033
14_B06,2,Prmt3.1,471.584857216379
14_B07,2,Rnf40.1,786.211950322929
14_B08,2,Ring1.1,510.210167653173
14_B09,2,Prmt7.1,640.886676711555
14_B10,2,Prmt2.1,478.315780347429
14_B11,2,Rnf20.1,639.698920285016
14_C02,2,Ring1.2,597.404038815759
14_C03,2,Prmt5.1,571.129331167011
14_C04,2,Prmt1.2,842.751432547108
14_C05,2,Rnf20.2,400.893849787433
14_C06,2,Rbbp7.1,366.460152604384
14_C07,2,Rbbp5.2,438.280784125755
14_C08,2,Prmt3.2,700.015025576343
14_C09,2,Rnf217.1,527.761478433395
14_C10,2,Rbbp4.2,582.309496938555
14_C11,2,Prmt8.1,534.71789495225
14_D02,2,Prmt2.2,545.906529722828
14_D03,2,Rnf217.2,697.893147896269
14_D04,2,Rbbp4.3,526.481663028629
14_D05,2,Prmt6.1,662.342227975539
14_D06,2,Prmt5.2,535.891652494783
14_D07,2,Rnf217.3,577.952547420129
14_D08,2,Rbbp7.2,464.100644016936
14_D09,2,Prmt7.2,506.962136572806
14_D10,2,Prmt1.3,707.045392094113
14_D11,2,Rnf40.2,406.966086578605
14_E02,2,Prmt8.2,535.282071622158
14_E03,2,Psip1.2,662.148016631383
14_E04,2,Prmt1.4,559.155379496743
14_E05,2,Ring1.3,545.71433771247
14_E06,2,Rbbp5.3,599.935112209828
14_E07,2,Prmt6.2,430.077310440478
14_E08,2,Prmt2.3,480.848745571209
14_E09,2,Rnf20.3,711.476830906903
14_E10,2,Rbbp7.3,509.563591678659
14_E11,2,Prmt7.3,663.237726269684
14_F02,2,Prmt3.3,745.265475482316
14_F03,2,Rnf40.3,497.962065680006
14_F04,2,Rbbp5.4,491.081434636579
14_F05,2,Prmt6.3,605.640718536027
14_F06,2,Prmt5.3,507.660782784129
14_F07,2,Ring1.4,453.581219982415
14_F08,2,Psip1.3,402.417448015015
14_F09,2,Prmt8.3,671.29842015801
14_F10,2,Prmt5.4,707.473134229546
14_F11,2,Rnf20.4,603.928648387006
14_G02,2,Rbbp7.4,511.625592847681
14_G03,2,Prmt8.4,1137.72572599599
14_G04,2,Prmt2.4,1128.75508154133
14_G05,2,Rnf40.4,507.00044301851
14_G06,2,Rnf217.4,684.176528548326
14_G07,2,Prmt6.4,486.947640634629
14_G08,2,Prmt3.4,494.289572406527
14_G09,2,Rbbp4.4,483.31575339373
14_G10,2,Prmt7.4,524.678236864974
14_G11,2,Psip1.4,0.0
11_B02,2,Nap1l2.1,613.286372760795
11_B03,2,Padi1.1,550.660926624643
11_B04,2,Padi4.1,604.195544521781
11_B05,2,Orc1.1,540.927508921574
11_B06,2,Ncoa1.1,583.409081153175
11_B07,2,Pcgf1.1,526.931241714963
11_B08,2,Parp1.1,424.43309758896
11_B09,2,Ncor2.1,418.851058900995
11_B10,2,Nap1l3.1,632.648055551503
11_B11,2,Paxip1.1,568.782276862792
11_C02,2,Parp1.2,747.553789032511
11_C03,2,Ncoa3.1,639.942326685843
11_C04,2,Nap1l2.2,999.702764851053
11_C05,2,Paxip1.2,612.319049036641
11_C06,2,Padi6.1,486.400750868608
11_C07,2,Padi4.2,397.063719726899
11_C08,2,Ncoa1.2,721.014678475963
11_C09,2,Pbrm1.1,445.715697268666
11_C10,2,Padi1.2,460.759932187006
11_C11,2,Nsd1.1,594.239294244835
11_D02,2,Nap1l3.2,610.543250083434
11_D03,2,Pbrm1.2,499.072821327553
11_D04,2,Padi1.3,546.429511162072
11_D05,2,Ncor1.1,507.854971807586
11_D06,2,Ncoa3.2,828.409047032895
11_D07,2,Pbrm1.3,493.791969647844
11_D08,2,Padi6.2,521.897792570549
11_D09,2,Ncor2.2,383.431304952724
11_D10,2,Nap1l2.3,485.468680381385
11_D11,2,Pcgf1.2,756.543342860694
11_E02,2,Nsd1.2,488.315527898809
11_E03,2,Orc1.2,519.991004372363
11_E04,2,Nap1l2.4,463.892182641851
11_E05,2,Parp1.3,590.489753986487
11_E06,2,Padi4.3,487.674189452707
11_E07,2,Ncor1.2,1193.71401796977
11_E08,2,Nap1l3.3,662.335206251758
11_E09,2,Paxip1.3,727.740593560466
11_E10,2,Padi6.3,453.125313815033
11_E11,2,Ncor2.3,632.203279665692
11_F02,2,Ncoa1.3,475.446215357214
11_F03,2,Pcgf1.3,529.572288300665
11_F04,2,Padi4.4,407.962984686222
11_F05,2,Ncor1.3,509.551538790072
11_F06,2,Ncoa3.3,488.045484301045
11_F07,2,Parp1.4,663.168646442904
11_F08,2,Orc1.3,410.075178959272
11_F09,2,Nsd1.3,372.738201368224
11_F10,2,Ncoa3.4,499.507335207883
11_F11,2,Paxip1.4,569.187928925774
11_G02,2,Padi6.4,379.478598399459
11_G03,2,Nsd1.4,546.404262767463
11_G04,2,Nap1l3.4,401.386449887711
11_G05,2,Pcgf1.4,411.835682833782
11_G06,2,Pbrm1.4,435.334854815828
11_G07,2,Ncor1.4,398.03948931569
11_G08,2,Ncoa1.4,507.303848103454
11_G09,2,Padi1.4,573.798200392789
11_G10,2,Ncor2.4,450.106985388542
11_G11,2,Orc1.4,600.610574337093
9_B02,2,Kdm5b.1,384.862894290155
9_B03,2,L3mbtl4.1,370.492935174269
9_B04,2,Mbd1.1,461.264241366791
9_B05,2,L3mbtl3.1,559.740352795157
9_B06,2,Kdm5d.1,667.099871687751
9_B07,2,Men1.1,615.979569005842
9_B08,2,Mbd3.1,530.769456138531
9_B09,2,L3mbtl1.1,543.561473757421
9_B10,2,Kdm5c.1,449.779485368397
9_B11,2,Mbd4.1,395.808976834388
9_C02,2,Mbd3.2,475.149111138175
9_C03,2,Kdm6a.1,388.260827990781
9_C04,2,Kdm5b.2,724.640396915398
9_C05,2,Mbd4.2,523.658386772511
9_C06,2,Mbd2.1,734.232451461185
9_C07,2,Mbd1.2,571.335644864249
9_C08,2,Kdm5d.2,499.111231607689
9_C09,2,Mecom.1,574.84191402882
9_C10,2,L3mbtl4.2,468.817103876098
9_C11,2,L3mbtl2.1,502.009567541174
9_D02,2,Kdm5c.2,639.636878898595
9_D03,2,Mecom.2,424.810536034856
9_D04,2,L3mbtl4.3,483.735176410576
9_D05,2,Kdm6b.1,574.082685757967
9_D06,2,Kdm6a.2,516.009127519043
9_D07,2,Mecom.3,505.680423949182
9_D08,2,Mbd2.2,667.977490696169
9_D09,2,L3mbtl1.2,440.783187835729
9_D10,2,Kdm5b.3,487.35433263919
9_D11,2,Men1.2,474.030925097778
9_E02,2,L3mbtl2.2,769.643639563535
9_E03,2,L3mbtl3.2,481.133412170324
9_E04,2,Kdm5b.4,582.521695663769
9_E05,2,Mbd3.3,608.994498562999
9_E06,2,Mbd1.3,479.232949863629
9_E07,2,Kdm6b.2,606.026416333704
9_E08,2,Kdm5c.3,439.846772382586
9_E09,2,Mbd4.3,480.341439225656
9_E10,2,Mbd2.3,766.325395397284
9_E11,2,L3mbtl1.3,493.009317360338
9_F02,2,Kdm5d.3,536.424858552638
9_F03,2,Men1.3,685.674445985843
9_F04,2,Mbd1.4,672.481520899267
9_F05,2,Kdm6b.3,444.380715425897
9_F06,2,Kdm6a.3,575.605091333644
9_F07,2,Mbd3.4,588.196499181532
9_F08,2,L3mbtl3.3,425.095392584534
9_F09,2,L3mbtl2.3,487.967576515954
9_F10,2,Kdm6a.4,468.848333498206
9_F11,2,Mbd4.4,500.248534531423
9_G02,2,Mbd2.4,623.031062174058
9_G03,2,L3mbtl2.4,425.306055629503
9_G04,2,Kdm5c.4,419.99152080596
9_G05,2,Men1.4,807.276385662866
9_G06,2,Mecom.4,649.770364056464
9_G07,2,Kdm6b.4,539.853332755234
9_G08,2,Kdm5d.4,463.48704282575
9_G09,2,L3mbtl4.4,601.281797466701
9_G10,2,L3mbtl1.4,548.779662567476
9_G11,2,L3mbtl3.4,493.596591585757
8_B02,2,Jmjd5.1,438.94237068
8_B03,2,Kdm2b.1,377.254674537992
8_B04,2,Kdm3a.1,462.908218414212
8_B05,2,Kdm2a.1,545.38508551417
8_B06,2,Kat2a.1,427.936630916889
8_B07,2,Kdm5a.1,427.1728871063
8_B08,2,Kdm4a.1,500.137841540592
8_B09,2,Kdm1a.1,614.574691259306
8_B10,2,Jmjd6.1,468.610044186002
8_B11,2,Kdm4c.1,421.717927529193
8_C02,2,Kdm4a.2,713.490584485726
8_C03,2,Kat2b.1,679.858200824133
8_C04,2,Jmjd5.2,444.421814855973
8_C05,2,Kdm4c.2,428.739465469528
8_C06,2,Kdm3b.1,440.810813777865
8_C07,2,Kdm3a.2,373.985351339692
8_C08,2,Kat2a.2,632.186433829418
8_C09,2,Kdm4d.1,663.944003430731
8_C10,2,Kdm2b.2,862.047776550401
8_C11,2,Kdm1b.1,498.256290292832
8_D02,2,Jmjd6.2,601.759858587865
8_D03,2,Kdm4d.2,497.94776988224
8_D04,2,Kdm2b.3,907.098680367164
8_D05,2,Kat5.1,392.578468849249
8_D06,2,Kat2b.2,589.701835193952
8_D07,2,Kdm4d.3,501.008463543436
8_D08,2,Kdm3b.2,676.848940284815
8_D09,2,Kdm1a.2,745.146102538342
8_D10,2,Jmjd5.3,521.544796449651
8_D11,2,Kdm5a.2,667.814479786968
8_E02,2,Kdm1b.2,433.985679225962
8_E03,2,Kdm2a.2,471.58670494128
8_E04,2,Jmjd5.4,500.688435710262
8_E05,2,Kdm4a.3,559.859587391023
8_E06,2,Kdm3a.3,293.697618798635
8_E07,2,Kat5.2,676.127795098969
8_E08,2,Jmjd6.3,507.774682917615
8_E09,2,Kdm4c.3,313.902525595271
8_E10,2,Kdm3b.3,558.284311636676
8_E11,2,Kdm1a.3,447.41205783934
8_F02,2,Kat2a.3,480.686383705135
8_F03,2,Kdm5a.3,438.808539676472
8_F04,2,Kdm3a.4,467.610493452172
8_F05,2,Kat5.3,793.058706894204
8_F06,2,Kat2b.3,438.486837610379
8_F07,2,Kdm4a.4,327.934720615661
8_F08,2,Kdm2a.3,378.242025970947
8_F09,2,Kdm1b.3,423.821732219537
8_F10,2,Kat2b.4,513.706848637264
8_F11,2,Kdm4c.4,610.638062748083
8_G02,2,Kdm3b.4,307.248252938547
8_G03,2,Kdm1b.4,351.745053042467
8_G04,2,Jmjd6.4,637.942330772913
8_G05,2,Kdm5a.4,415.483765671434
8_G06,2,Kdm4d.4,528.983868600133
8_G07,2,Kat5.4,486.933719229911
8_G08,2,Kat2a.4,230.634540115469
8_G09,2,Kdm2b.4,883.404670887629
8_G10,2,Kdm1a.4,725.977333029235
8_G11,2,Kdm2a.4,481.264272479663
control2_B02,2,Bptf.1,471.048325349471
control2_B03,2,Bptf.2,412.042375661274
control2_B04,2,Bptf.3,491.24940845545
control2_B05,2,Bptf.4,393.999267546288
control2_B06,2,Whsc1.1,576.698200913709
control2_B07,2,Whsc1.2,443.716045347147
control2_B08,2,Whsc1.3,589.31101044795
control2_B09,2,Whsc1.4,529.826360417304
control2_B10,2,Cd4.1,461.80378280832
control2_B11,2,Cd4.1,395.786022495263
control2_C02,2,Mll2.1,149.165899745776
control2_C03,2,Mll2.2,118.738472016417
control2_C04,2,Mll2.3,383.936764922078
control2_C05,2,Mll2.4,308.860445468039
control2_C06,2,Brd8.1,596.745080229702
control2_C07,2,Brd8.2,441.512701766976
control2_C08,2,Brd8.3,392.664172334922
control2_C09,2,Brd8.4,405.923707281775
control2_C10,2,Cd4.2,299.777072779667
control2_C11,2,Cd4.2,298.111003004918
control2_D02,2,Ncor1.1,292.161813869662
control2_D03,2,Ncor1.2,634.841895229954
control2_D04,2,Ncor1.3,377.906212755391
control2_D05,2,Ncor1.4,240.689766893615
control2_D06,2,Cxxcl.1,359.083769636299
control2_D07,2,Cxxcl.2,321.822665330897
control2_D08,2,Cxxcl.3,347.120982662638
control2_D09,2,Cxxcl.4,411.486064194609
control2_D10,2,Cd4.3,308.861219458994
control2_D11,2,Cd4.3,252.977640875963
control2_E02,2,Smarca4.1,268.390598940899
control2_E03,2,Smarca4.2,230.618428721306
control2_E04,2,Smarca4.3,252.374608430109
control2_E05,2,Smarca4.4,334.329752900562
control2_E06,2,Klf2.1,699.950867703181
control2_E07,2,Klf2.2,434.504809420116
control2_E08,2,Klf2.3,473.773349655469
control2_E09,2,Klf2.4,378.594723163927
control2_E10,2,Cd4.4,546.826161809854
control2_E11,2,Cd4.4,472.913666759245
control2_F02,2,Runx3.1,116.420632692268
control2_F03,2,Runx3.2,124.511865803783
control2_F04,2,Runx3.3,113.505789505078
control2_F05,2,Empty,135.067688235815
control2_F06,2,Sp140.1,323.765782373298
control2_F07,2,Sp140.2,265.055093903142
control2_F08,2,Sp140.3,307.488788878767
control2_F09,2,Sp140.4,310.333012695759
control2_F10,2,Empty,670.483027588451
control2_F11,2,Empty,507.042573461981
control2_G02,2,Smarce1.1,407.097815791029
control2_G03,2,Smarce1.2,117.292303478608
control2_G04,2,Smarce1.3,96.3416782157731
control2_G05,2,Smarce1.4,264.334181234898
control2_G06,2,Wdr82.1,967.309540329783
control2_G07,2,Wdr82.2,1296.26449821689
control2_G08,2,Wdr82.3,985.934330394649
control2_G09,2,Wdr82.4,952.445832577581
control2_G10,2,Empty,1650.46950973798
control2_G11,2,Empty,1184.38980367387
10_B02,2,Mll1.1,949.556178510073
10_B03,2,Mta3.1,578.680689864223
10_B04,2,Mtf2.1,675.870685649138
10_B05,2,Mta2.1,559.23396710333
10_B06,2,Mll3.1,587.893825053861
10_B07,2,Nap1l1.1,616.997409151318
10_B08,2,Myst2.1,366.147432552272
10_B09,2,Msl3.1,426.940010116957
10_B10,2,Mll2.1,214.69739000062
10_B11,2,Myst3.1,929.28443361318
10_C02,2,Myst2.2,579.871491819765
10_C03,2,Mll5.1,627.862458413034
10_C04,2,Mll1.2,819.701399847288
10_C05,2,Myst3.2,704.564603705226
10_C06,2,Myst1.1,717.428072320659
10_C07,2,Mtf2.2,609.019872898473
10_C08,2,Mll3.2,635.171461522173
10_C09,2,Myst4.1,736.347531349655
10_C10,2,Mta3.2,429.906240904461
10_C11,2,Mta1.1,598.970330036836
10_D02,2,Mll2.2,173.543806767609
10_D03,2,Myst4.2,688.001713872375
10_D04,2,Mta3.3,544.035679749135
10_D05,2,Morf4l1.1,268.389961458127
10_D06,2,Mll5.2,507.984990624184
10_D07,2,Myst4.3,612.853567583473
10_D08,2,Myst1.2,511.185783247537
10_D09,2,Msl3.2,584.243454500952
10_D10,2,Mll1.3,977.253158272984
10_D11,2,Nap1l1.2,1022.19967359653
10_E02,2,Mta1.2,730.901140271799
10_E03,2,Mta2.2,600.009003640444
10_E04,2,Mll1.4,841.953301174918
10_E05,2,Myst2.3,590.011071616799
10_E06,2,Mtf2.3,410.287934183531
10_E07,2,Morf4l1.2,464.334821138073
10_E08,2,Mll2.3,496.175693538776
10_E09,2,Myst3.3,711.342311893985
10_E10,2,Myst1.3,662.167072488677
10_E11,2,Msl3.3,567.569861624161
10_F02,2,Mll3.3,551.880928787983
10_F03,2,Nap1l1.3,676.569131347418
10_F04,2,Mtf2.4,556.16064080418
10_F05,2,Morf4l1.3,510.451582949892
10_F06,2,Mll5.3,211.035729301301
10_F07,2,Myst2.4,536.9533487725
10_F08,2,Mta2.3,662.827417914289
10_F09,2,Mta1.3,510.076607499119
10_F10,2,Mll5.4,629.979046211711
10_F11,2,Myst3.4,955.325690573402
10_G02,2,Myst1.4,534.487000137606
10_G03,2,Mta1.4,387.161251157005
10_G04,2,Mll2.4,393.653829163313
10_G05,2,Nap1l1.4,466.19402470437
10_G06,2,Myst4.4,488.631306459962
10_G07,2,Morf4l1.4,499.412167740409
10_G08,2,Mll3.4,562.135284035212
10_G09,2,Mta3.4,761.341767839983
10_G10,2,Msl3.4,543.231401518838
10_G11,2,Mta2.4,477.028730322316
15_B02,3,Rpa3.1,430.745266812914
15_B03,3,Setdb1.1,1092.20112734795
15_B04,3,Setdb2.1,263.488580872682
15_B05,3,Setd8.1,327.079751238726
15_B06,3,Scml4.1,180.4707155983
15_B07,3,Sin3b.1,284.600731913276
15_B08,3,Sfmbt1.1,310.029528151231
15_B09,3,Setd4.1,245.872575592206
15_B10,3,Scml2.1,330.723286509015
15_B11,3,Sfmbt2.1,393.204572054535
15_C02,3,Sfmbt1.2,316.873261248151
15_C03,3,Setd1a.1,484.710070397214
15_C04,3,Rpa3.2,482.334159209542
15_C05,3,Sfmbt2.2,416.057545842833
15_C06,3,Setmar.1,254.200630939071
15_C07,3,Setdb2.2,391.787411397043
15_C08,3,Scml4.2,238.933650579017
15_C09,3,Sin3a.1,295.293979912104
15_C10,3,Setdb1.2,404.855176288535
15_C11,3,Setd5.1,389.953108376702
15_D02,3,Scml2.2,264.747933707521
15_D03,3,Sin3a.2,211.928022728293
15_D04,3,Setdb1.3,657.720863489466
15_D05,3,Setd2.1,423.39665694066
15_D06,3,Setd1a.2,571.734713446422
15_D07,3,Sin3a.3,271.572349205506
15_D08,3,Setmar.2,244.044622155801
15_D09,3,Setd4.2,332.59589264003
15_D10,3,Rpa3.3,434.743912581423
15_D11,3,Sin3b.2,356.917946657054
15_E02,3,Setd5.2,200.97997355902
15_E03,3,Setd8.2,390.547518923802
15_E04,3,Rpa3.4,461.557439273675
15_E05,3,Sfmbt1.3,441.034319878051
15_E06,3,Setdb2.3,414.697773705448
15_E07,3,Setd2.2,274.43585384564
15_E08,3,Scml2.3,254.461425531697
15_E09,3,Sfmbt2.3,270.668674832797
15_E10,3,Setmar.3,293.251234742043
15_E11,3,Setd4.3,298.002093657964
15_F02,3,Scml4.3,338.131132436022
15_F03,3,Sin3b.3,359.27071288185
15_F04,3,Setdb2.4,371.856492400438
15_F05,3,Setd2.3,427.802559497989
15_F06,3,Setd1a.3,610.608788432589
15_F07,3,Sfmbt1.4,266.085826871621
15_F08,3,Setd8.3,395.696507930602
15_F09,3,Setd5.3,429.340734387519
15_F10,3,Setd1a.4,341.20250802574
15_F11,3,Sfmbt2.4,504.119513334041
15_G02,3,Setmar.4,269.179170573178
15_G03,3,Setd5.4,443.318076446865
15_G04,3,Scml2.4,187.534565506933
15_G05,3,Sin3b.4,229.007112147948
15_G06,3,Sin3a.4,156.302771409714
15_G07,3,Setd2.4,284.274732240702
15_G08,3,Scml4.4,460.216460586614
15_G09,3,Setdb1.4,372.316947412618
15_G10,3,Setd4.4,512.064425593263
15_G11,3,Setd8.4,362.070369953664
20_B02,3,Fbxo17.2,278.094553513035
20_B03,3,Padi2.1,433.053783218695
20_B04,3,Paf1.1,565.858519664485
20_B05,3,Kdm4b.3,395.830654283126
20_B06,3,Gtf2h1.1,363.480075165048
20_B07,3,Rnf2.2,284.767731349305
20_B08,3,Phc3.1,384.195966182269
20_B09,3,Iws1.1,580.029631066612
20_B10,3,Fkbp2.3,334.266324033185
20_B11,3,Phf10.2,344.800755378003
20_C02,3,Phc3.2,397.280304106251
20_C03,3,H2afz.2,368.736779301657
20_C04,3,Fbxo17.3,294.79175182171
20_C05,3,Phf10.3,612.064627996177
20_C06,3,Parp2.2,241.694064148038
20_C07,3,Paf1.2,326.101852586093
20_C08,3,Gtf2h1.2,299.532795228846
20_C09,3,Prdm16.1,356.324778204362
20_C10,3,Padi2.2,301.183846124622
20_C11,3,Jmjd8.2,348.161542600168
20_D02,3,Fkbp5.1,398.323451568932
20_D03,3,Prdm16.2,312.579560005001
20_D04,3,Padi2.3,256.942837562442
20_D05,3,Hdac11.3,290.824345216015
20_D06,3,H2afz.3,281.71452310895
20_D07,3,Prdm16.3,445.019963196858
20_D08,3,Parp2.3,306.876911369579
20_D09,3,Iws1.2,297.505289518149
20_D10,3,Fkbp2.1,301.950932513254
20_D11,3,Rnf2.3,351.869022961845
20_E02,3,Jmjd8.3,294.302927445214
20_E03,3,Mecp2.1,297.741634301699
20_E04,3,Fkbp2.2,334.686197759448
20_E05,3,Phc3.3,362.588141460007
20_E06,3,Paf1.3,369.033766990766
20_E07,3,Hdac5.1,265.039053105041
20_E08,3,Fkbp5.2,234.532580038823
20_E09,3,Phf17.1,314.109929456051
20_E10,3,Phc2.1,355.397397250957
20_E11,3,Iws1.3,326.864558235024
20_F02,3,Gtf2h1.3,298.90190467032
20_F03,3,Satb1.1,887.098161427746
20_F04,3,Parp2.1,290.752263035497
20_F05,3,Hdac5.2,280.672384119506
20_F06,3,Hdac11.1,340.392258547196
20_F07,3,Phf10.1,347.564777065104
20_F08,3,Mecp2.2,266.937782748937
20_F09,3,Kdm4b.1,296.868368473661
20_F10,3,Hdac11.2,464.861788794249
20_F11,3,Phf17.2,384.893552284426
20_G02,3,Phc2.2,341.541656070867
20_G03,3,Kdm4b.2,208.35556896939
20_G04,3,Fkbp5.3,332.549215406084
20_G05,3,Satb1.2,302.782119848235
20_G06,3,Rnf2.1,360.606766750134
20_G07,3,Hdac5.3,285.677627499504
20_G08,3,H2afz.1,193.868133935725
20_G09,3,Padi3,342.216029829401
20_G10,3,Jmjd8.1,322.291427870275
20_G11,3,Mecp2.3,307.352548502958
21_B02,3,Satb1.3,516.802029576437
21_B06,3,Setd7.2,275.041600697777
21_B09,3,Smarcd2.3,161.512268482236
21_B10,3,Setd3.1,389.966114966642
21_C03,3,Smarca2.3,283.304717578886
21_C04,3,Scmh1.1,389.786181243296
21_C08,3,Sirt2,291.71601018693
21_C11,3,Ube2a.1,259.050638146851
21_D02,3,Setd3.2,165.283719821293
21_D05,3,Smarcc1.2,163.66386189669
21_D06,3,Smarcb1.1,520.887352610484
21_D09,3,Smyd1.1,310.804711111188
21_D10,3,Scmh1.2,431.544430261068
21_E02,3,Ube2a.2,529.398825297268
21_E04,3,Scmh1.3,324.951243039325
21_E07,3,Smarcc1.3,748.496726335216
21_E08,3,Setd3.3,334.111488177196
21_E11,3,Smyd1.2,288.202091173491
21_F02,3,Smarca2.1,166.559625363013
21_F05,3,Smarcd2.1,185.152093430544
21_F06,3,Smarcb1.2,302.371892806534
21_F10,3,Smarcc1.1,199.85004618321
21_G04,3,Setd7.1,345.842897799368
21_G07,3,Smarcd2.2,186.389851607612
21_G08,3,Smarca2.2,286.612984744271
21_G10,3,Smyd1.3,181.791592531387
19_B02,3,Wbp7.1,274.493162034739
19_B03,3,Arid1b.1,233.606645791203
19_B04,3,Brd7.2,350.20174157039
19_B05,3,Actb,669.587447941224
19_B06,3,Wdr82.1,946.899338411845
19_B07,3,Eaf1.1,351.14663051822
19_B08,3,Cecr2.1,228.070967385644
19_B09,3,Zmynd11.1,334.191082022367
19_B10,3,Wdr5.1,313.573454684712
19_B11,3,Chd7.2,500.661299546985
19_C02,3,Cecr2.2,319.9703396546
19_C03,3,Whsc1.1,512.83461828416
19_C04,3,Wbp7.2,271.525325960302
19_C05,3,Chd7.3,342.259085876586
19_C06,3,Brdt.3,473.499517577795
19_C07,3,Brd7.3,329.82109940699
19_C08,3,Wdr82.2,872.549340049178
19_C09,3,Clock.3,353.019757798729
19_C10,3,Arid1b.2,213.600111968994
19_C11,3,Zmynd8.1,263.100163557771
19_D02,3,Wdr5.2,421.686310023245
19_D03,3,Dpy30.1,203.43405841167
19_D04,3,Arid1b.3,226.409450452937
19_D05,3,Whsc1l1.1,570.13866214088
19_D06,3,Whsc1.2,294.480531665537
19_D07,3,Dpy30.2,158.92482498514
19_D08,3,Cbx2.1,397.945636141009
19_D09,3,Zmynd11.2,304.223113971286
19_D10,3,Wbp7.3,348.554312565753
19_D11,3,Eaf1.2,335.634036637735
19_E02,3,Zmynd8.2,297.057009811074
19_E03,3,Actl6a,506.642313548943
19_E04,3,Wbp7.4,301.716050011865
19_E05,3,Cecr2.3,322.917006840115
19_E06,3,Brdt.1,308.166057983309
19_E07,3,Whsc1l1.2,221.589557919474
19_E08,3,Wdr5.3,358.124646745926
19_E09,3,Clock.1,348.970832708679
19_E10,3,Cbx2.2,261.822013240809
19_E11,3,Zmynd11.3,284.137043144457
19_F02,3,Wdr82.3,705.025059017912
19_F03,3,Eaf1.3,279.932766177772
19_F04,3,Brdt.2,225.766823904861
19_F05,3,Whsc1l1.3,495.846303448096
19_F06,3,Whsc1.3,472.767842735944
19_F07,3,Chd7.1,312.127884038627
19_F08,3,Arid1a.1,250.053753888529
19_F09,3,Zmynd8.3,373.358384928385
19_F10,3,Whsc1.4,356.315220117883
19_F11,3,Clock.2,314.108490230271
19_G02,3,Cbx2.3,274.798679154294
19_G03,3,Zmynd8.4,177.464159586454
19_G04,3,Wdr5.4,462.693866330871
19_G05,3,Fbxo17.1,281.920947740373
19_G06,3,Dpy30.3,251.499851652128
19_G07,3,Whsc1l1.4,327.878059067979
19_G08,3,Wdr82.4,649.658745060506
19_G09,3,Brd7.1,287.207578234212
19_G10,3,Zmynd11.4,295.917403364331
19_G11,3,Arid1a.2,125.816562966419
16_B02,3,Sirt1.1,294.282923851921
16_B03,3,Smarca5.1,353.795661176702
16_B04,3,Smarcc2.1,307.56329428228
16_B05,3,Smarca4.1,273.553466048209
16_B06,3,Sirt4.1,378.598800251963
16_B07,3,Smyd3.1,242.292488266207
16_B08,3,Smarcd3.1,346.921424310207
16_B09,3,Sirt7.1,326.399535294236
16_B10,3,Sirt3.1,260.130936901278
16_B11,3,Smarce1.1,351.675822055397
16_C02,3,Smarcd3.2,313.640863428069
16_C03,3,Sirt5.1,364.758641399374
16_C04,3,Sirt1.2,301.304958738283
16_C05,3,Smarce1.2,191.813120433808
16_C06,3,Smarcd1.1,258.806593563033
16_C07,3,Smarcc2.2,266.360162404296
16_C08,3,Sirt4.2,248.737747707391
16_C09,3,Smyd2.1,286.21192974501
16_C10,3,Smarca5.2,427.201636797555
16_C11,3,Smarca1.1,362.691724945372
16_D02,3,Sirt3.2,330.659444015743
16_D03,3,Smyd2.2,324.685881673954
16_D04,3,Smarca5.3,302.009833495576
16_D05,3,Sirt6.1,297.652295020641
16_D06,3,Sirt5.2,319.28805457995
16_D07,3,Smyd2.3,189.848379147186
16_D08,3,Smarcd1.2,451.136643103873
16_D09,3,Sirt7.2,208.008654215341
16_D10,3,Sirt1.3,287.025769816088
16_D11,3,Smyd3.2,332.425070321861
16_E02,3,Smarca1.2,377.148106828577
16_E03,3,Smarca4.2,251.582961877425
16_E04,3,Sirt1.4,274.65904111045
16_E05,3,Smarcd3.3,383.877414651517
16_E06,3,Smarcc2.3,324.773725742217
16_E07,3,Sirt6.2,272.896306904468
16_E08,3,Sirt3.3,329.742328236644
16_E09,3,Smarce1.3,136.895675043074
16_E10,3,Smarcd1.3,289.43674395934
16_E11,3,Sirt7.3,571.230468676843
16_F02,3,Sirt4.3,364.785312525812
16_F03,3,Smyd3.3,399.43409345013
16_F04,3,Smarcc2.4,270.09777165841
16_F05,3,Sirt6.3,219.141531491126
16_F06,3,Sirt5.3,338.792643487855
16_F07,3,Smarcd3.4,215.563136930034
16_F08,3,Smarca4.3,240.558005774509
16_F09,3,Smarca1.3,328.255847247379
16_F10,3,Sirt5.4,312.747341264054
16_F11,3,Smarce1.4,272.173843511364
16_G02,3,Smarcd1.4,405.889573205538
16_G03,3,Smarca1.4,385.697936303745
16_G04,3,Sirt3.4,398.785351846969
16_G05,3,Smyd3.4,302.850289422593
16_G06,3,Smyd2.4,247.137004598373
16_G07,3,Sirt6.4,294.753506103201
16_G08,3,Sirt4.4,271.992707826954
16_G09,3,Smarca5.4,240.928175758574
16_G10,3,Sirt7.4,336.74861598266
16_G11,3,Smarca4.4,284.967174253266
18_B02,3,Tdg.1,233.047394272076
18_B03,3,Ube2b.1,252.053668628649
18_B04,3,Ube2e1.1,479.80779213051
18_B05,3,Trim66.1,247.908224142337
18_B06,3,Tet2.1,357.511771639887
18_B07,3,Usp51.1,399.611941458944
18_B08,3,Uhrf1.1,529.111320180975
18_B09,3,Trim28.1,362.032833325722
18_B10,3,Tet1.1,419.601213991839
18_B11,3,Usp22.1,302.826943703459
18_C02,3,Uhrf1.2,508.32872790386
18_C03,3,Tet3.1,295.209943437338
18_C04,3,Tdg.2,401.019991384892
18_C05,3,Usp22.2,357.743827626318
18_C06,3,Ube2i.1,351.607566997912
18_C07,3,Ube2e1.2,402.433652383848
18_C08,3,Tet2.2,314.037954966174
18_C09,3,Usp27x.1,23.2771798147865
18_C10,3,Ube2b.2,363.907893059872
18_C11,3,Trim33.1,272.648781602741
18_D02,3,Tet1.2,341.021123042954
18_D03,3,Usp27x.2,354.976171456235
18_D04,3,Ube2b.3,401.582934302523
18_D05,3,Trim24.1,226.718384543913
18_D06,3,Tet3.2,347.924980745965
18_D07,3,Usp27x.3,280.088444222969
18_D08,3,Ube2i.2,382.279973587263
18_D09,3,Trim28.2,335.773532843262
18_D10,3,Tdg.3,254.82839415678
18_D11,3,Usp51.2,291.500353924166
18_E02,3,Trim33.2,333.228914331646
18_E03,3,Trim66.2,214.765261152966
18_E04,3,Tdg.4,407.79189191523
18_E05,3,Uhrf1.3,465.309551248093
18_E06,3,Ube2e1.3,470.179435164138
18_E07,3,Trim24.2,357.481612732559
18_E08,3,Tet1.3,248.667126775403
18_E09,3,Usp22.3,490.241114338787
18_E10,3,Ube2i.3,788.004813596503
18_E11,3,Trim28.3,301.553510297613
18_F02,3,Tet2.3,304.477440053513
18_F03,3,Usp51.3,329.89665301607
18_F04,3,Ube2e1.4,328.131042113162
18_F05,3,Trim24.3,361.389189035996
18_F06,3,Tet3.3,296.867439524765
18_F07,3,Uhrf1.4,446.523228177001
18_F08,3,Trim66.3,244.745862270256
18_F09,3,Trim33.3,298.787918272312
18_F10,3,Tet3.4,287.659851542195
18_F11,3,Usp22.4,355.686735659598
18_G02,3,Ube2i.4,369.047874283595
18_G03,3,Trim33.4,353.012905083386
18_G04,3,Tet1.4,194.531907016779
18_G05,3,Usp51.4,331.423514591702
18_G06,3,Usp27x.4,235.523172011113
18_G07,3,Trim24.4,351.546079490255
18_G08,3,Tet2.4,269.354570273782
18_G09,3,Ube2b.4,255.658775576317
18_G10,3,Trim28.4,291.498461108185
18_G11,3,Trim66.4,298.354756861539
control3_B02,3,Bptf.1,445.248672487734
control3_B03,3,Bptf.2,395.473966987515
control3_B04,3,Bptf.3,444.660851568667
control3_B05,3,Bptf.4,389.848731931274
control3_B06,3,Whsc1.1,639.509028114935
control3_B07,3,Whsc1.2,508.347580158706
control3_B08,3,Whsc1.3,542.34340710502
control3_B09,3,Whsc1.4,558.618373861489
control3_B10,3,Cd4.1,451.448825731889
control3_B11,3,Cd4.1,364.586944569224
control3_C02,3,Mll2.1,167.09554699036
control3_C03,3,Mll2.2,151.700440333943
control3_C04,3,Mll2.3,363.088185363125
control3_C05,3,Mll2.4,298.390253678794
control3_C06,3,Brd8.1,627.81054454644
control3_C07,3,Brd8.2,472.339007834222
control3_C08,3,Brd8.3,418.135703339594
control3_C09,3,Brd8.4,431.603670900729
control3_C10,3,Cd4.2,373.939765121276
control3_C11,3,Cd4.2,282.091176974357
control3_D02,3,Ncor1.1,332.521486895644
control3_D03,3,Ncor1.2,148.402468704661
control3_D04,3,Ncor1.3,361.654247656649
control3_D05,3,Ncor1.4,296.362796065572
control3_D06,3,Cxxcl.1,447.429567202501
control3_D07,3,Cxxcl.2,430.622738069649
control3_D08,3,Cxxcl.3,462.85081495254
control3_D09,3,Cxxcl.4,459.996587236095
control3_D10,3,Cd4.3,366.140275896641
control3_D11,3,Cd4.3,309.680475553805
control3_E02,3,Smarca4.1,286.244253158081
control3_E03,3,Smarca4.2,322.279996157923
control3_E04,3,Smarca4.3,346.447510634905
control3_E05,3,Smarca4.4,339.962182394862
control3_E06,3,Klf2.1,539.560289711111
control3_E07,3,Klf2.2,377.435593180908
control3_E08,3,Klf2.3,503.219672332982
control3_E09,3,Klf2.4,338.557256080204
control3_E10,3,Cd4.4,497.005166228629
control3_E11,3,Cd4.4,329.007212088379
control3_F02,3,Runx3.1,196.391666103883
control3_F03,3,Runx3.2,161.839784996031
control3_F04,3,Runx3.3,154.247204711484
control3_F05,3,Empty,6.32597462069148
control3_F06,3,Sp140.1,323.145145652974
control3_F07,3,Sp140.2,325.568661265966
control3_F08,3,Sp140.3,258.486341866264
control3_F09,3,Sp140.4,340.733914994923
control3_F10,3,Empty,346.817362289107
control3_F11,3,Empty,546.623934222302
control3_G02,3,Smarce1.1,390.276177435899
control3_G03,3,Smarce1.2,214.240984610024
control3_G04,3,Smarce1.3,139.183610817644
control3_G05,3,Smarce1.4,308.151400212206
control3_G06,3,Wdr82.1,1104.10104429182
control3_G07,3,Wdr82.2,1138.72793898116
control3_G08,3,Wdr82.3,808.897114376393
control3_G09,3,Wdr82.4,1122.28144943867
control3_G10,3,Empty,672.482359572547
control3_G11,3,Empty,555.452961165407
17_B02,3,Smyd4.1,274.505888431033
17_B03,3,Suv39h2.1,242.400259593027
17_B04,3,Suv420h1.1,498.984216367748
17_B05,3,Suv39h1.1,376.131182254024
17_B06,3,Sp100.1,324.338645998671
17_B07,3,Tcea1.1,312.752420682816
17_B08,3,Suz12.1,403.920277432549
17_B09,3,Ssrp1.1,323.415829938705
17_B10,3,Smyd5.1,353.679213693069
17_B11,3,Taf1.1,269.780076203775
17_C02,3,Suz12.2,378.967981323874
17_C03,3,Sp110.1,253.612355933798
17_C04,3,Smyd4.2,272.734087858192
17_C05,3,Taf1.2,238.271546632679
17_C06,3,Suv420h2.1,326.970400342403
17_C07,3,Suv420h1.2,255.972068560618
17_C08,3,Sp100.2,313.845322952018
17_C09,3,Taf3.1,330.658661126412
17_C10,3,Suv39h2.2,336.162117696917
17_C11,3,Supt16h.1,287.015398607125
17_D02,3,Smyd5.2,464.685871692528
17_D03,3,Taf3.2,355.25591716689
17_D04,3,Suv39h2.3,313.377064122685
17_D05,3,Sp140.1,268.848642286585
17_D06,3,Sp110.2,271.555649763832
17_D07,3,Taf3.3,339.101635755676
17_D08,3,Suv420h2.2,253.586112766699
17_D09,3,Ssrp1.2,439.715089798785
17_D10,3,Smyd4.3,366.746230142914
17_D11,3,Tcea1.2,279.724552792472
17_E02,3,Supt16h.2,456.588832520228
17_E03,3,Suv39h1.2,278.513915713266
17_E04,3,Smyd4.4,246.517752076623
17_E05,3,Suz12.3,267.134367086542
17_E06,3,Suv420h1.3,292.50894950854
17_E07,3,Sp140.2,243.287599375019
17_E08,3,Smyd5.3,276.488300029988
17_E09,3,Taf1.3,228.10621806835
17_E10,3,Suv420h2.3,475.63162112331
17_E11,3,Ssrp1.3,388.536288908216
17_F02,3,Sp100.3,355.566154990615
17_F03,3,Tcea1.3,202.669255747065
17_F04,3,Suv420h1.4,344.662072072548
17_F05,3,Sp140.3,222.13708691689
17_F06,3,Sp110.3,291.65271660641
17_F07,3,Suz12.4,472.286247329696
17_F08,3,Suv39h1.3,277.811556956093
17_F09,3,Supt16h.3,419.876184867997
17_F10,3,Sp110.4,756.391893782281
17_F11,3,Taf1.4,247.984804733516
17_G02,3,Suv420h2.4,392.627685790025
17_G03,3,Supt16h.4,283.66517084271
17_G04,3,Smyd5.4,328.167889143358
17_G05,3,Tcea1.4,360.613026213225
17_G06,3,Taf3.4,222.37442323016
17_G07,3,Sp140.4,351.59222674969
17_G08,3,Sp100.4,345.888530065646
17_G09,3,Suv39h2.4,263.93629217355
17_G10,3,Ssrp1.4,392.843902486508
17_G11,3,Suv39h1.4,316.663169935324
5_B02,1,Dub2a.1,172.322621618959
5_B03,1,Epc1.1,174.543712727965
5_B04,1,Epc2.1,184.679461105683
5_B05,1,Ep400.1,336.723192995889
5_B06,1,Ehmt1.1,190.200760750994
5_B07,1,Fbxo44.1,295.391608568801
5_B08,1,Ezh1.1,380.648747954159
5_B09,1,Elp4.1,254.547001233614
5_B10,1,Eed.1,249.347085089866
5_B11,1,Ezh2.1,237.831511732731
5_C02,1,Ezh1.2,302.650824410986
5_C03,1,Ehmt2.1,210.81491634087
5_C04,1,Dub2a.2,378.858932690811
5_C05,1,Ezh2.2,252.708588619253
5_C06,1,Ercc5.1,272.315563743053
5_C07,1,Epc2.2,257.425298856417
5_C08,1,Ehmt1.2,364.028840181432
5_C09,1,Fbxl19.1,420.531887080596
5_C10,1,Epc1.2,344.449017119381
5_C11,1,Ep300.1,1297.91602504664
5_D02,1,Eed.2,391.670192419038
5_D03,1,Fbxl19.2,319.527488026951
5_D04,1,Epc1.3,295.452659703858
5_D05,1,Elp3.1,310.645655142498
5_D06,1,Ehmt2.2,336.868307762036
5_D07,1,Fbxl19.3,349.909684395789
5_D08,1,Ercc5.2,351.870029047519
5_D09,1,Elp4.2,333.612339890084
5_D10,1,Dub2a.3,355.591905563585
5_D11,1,Fbxo44.2,240.201842293181
5_E02,1,Ep300.2,258.321587766388
5_E03,1,Ep400.2,397.058230254065
5_E04,1,Dub2a.4,275.732751125079
5_E05,1,Ezh1.3,302.916992001826
5_E06,1,Epc2.3,305.297181135167
5_E07,1,Elp3.2,230.245190528408
5_E08,1,Eed.3,349.396880538458
5_E09,1,Ezh2.3,329.167363700831
5_E10,1,Ercc5.3,317.688079108288
5_E11,1,Elp4.3,274.47220787977
5_F02,1,Ehmt1.3,367.146875628161
5_F03,1,Fbxo44.3,314.371796012018
5_F04,1,Epc2.4,285.538947734271
5_F05,1,Elp3.3,1208.09250732148
5_F06,1,Ehmt2.3,260.210189841106
5_F07,1,Ezh1.4,233.067157714969
5_F08,1,Ep400.3,882.61886095582
5_F09,1,Ep300.3,263.411201877352
5_F10,1,Ehmt2.4,287.993560564704
5_F11,1,Ezh2.4,272.575034942793
5_G02,1,Ercc5.4,347.944892488581
5_G03,1,Ep300.4,519.511618833001
5_G04,1,Eed.4,255.681432417799
5_G05,1,Fbxo44.4,279.283284980343
5_G06,1,Fbxl19.4,257.680035111849
5_G07,1,Elp3.4,434.180995689142
5_G08,1,Ehmt1.4,320.486381981161
5_G09,1,Epc1.4,436.380191423564
5_G10,1,Elp4.4,310.154233503579
5_G11,1,Ep400.4,461.37865282451
2_B02,1,Baz1a.1,313.751557145207
2_B03,1,Brd2.1,237.159971243037
2_B04,1,Brd3.1,211.145572490469
2_B05,1,Brd1.1,164.763686661474
2_B06,1,Baz2a.1,238.198200794586
2_B07,1,Brpf3.1,245.5559877166
2_B08,1,Brd8.1,549.792592883254
2_B09,1,Bop1.1,201.010644866024
2_B10,1,Baz1b.1,243.011857080334
2_B11,1,Brd9.1,1672.27474755396
2_C02,1,Brd8.2,329.185577380411
2_C03,1,Baz2b.1,284.123160486363
2_C04,1,Baz1a.2,255.32683346865
2_C05,1,Brd9.2,555.471974660499
2_C06,1,Brd4.1,115.890634105532
2_C07,1,Brd3.2,262.832445610322
2_C08,1,Baz2a.2,305.139402504905
2_C09,1,Brpf1.1,291.826630106288
2_C10,1,Brd2.2,248.577475394503
2_C11,1,Bptf.1,251.912015991414
2_D02,1,Baz1b.2,268.446778037521
2_D03,1,Brpf1.2,226.799241859567
2_D04,1,Brd2.3,188.657177007761
2_D05,1,Bmi1.1,264.31200031741
2_D06,1,Baz2b.2,218.397818354445
2_D07,1,Brpf1.3,205.512212205728
2_D08,1,Brd4.2,120.480609015044
2_D09,1,Bop1.2,203.322363278538
2_D10,1,Baz1a.3,197.311372563016
2_D11,1,Brpf3.2,220.706746308792
2_E02,1,Bptf.2,277.704917706511
2_E03,1,Brd1.2,256.778745697801
2_E04,1,Baz1a.4,302.159405979335
2_E05,1,Brd8.3,243.153485567769
2_E06,1,Brd3.3,118.759023339292
2_E07,1,Bmi1.2,194.026489504188
2_E08,1,Baz1b.3,191.244703136686
2_E09,1,Brd9.3,288.88220847055
2_E10,1,Brd4.3,130.790633959375
2_E11,1,Bop1.3,265.833307616687
2_F02,1,Baz2a.3,403.06806854785
2_F03,1,Brpf3.3,269.416822068488
2_F04,1,Brd3.4,366.913950044106
2_F05,1,Bmi1.3,223.696370272557
2_F06,1,Baz2b.3,299.575273121211
2_F07,1,Brd8.4,247.346655741618
2_F08,1,Brd1.3,229.651498279858
2_F09,1,Bptf.3,288.313333991248
2_F10,1,Baz2b.4,270.716948893865
2_F11,1,Brd9.4,396.572121910717
2_G02,1,Brd4.4,223.384512292789
2_G03,1,Bptf.4,279.542704520672
2_G04,1,Baz1b.4,334.721802238647
2_G05,1,Brpf3.4,186.036691788247
2_G06,1,Brpf1.4,303.247392890528
2_G07,1,Bmi1.4,231.289433699028
2_G08,1,Baz2a.4,298.387133880254
2_G09,1,Brd2.4,226.4205856539
2_G10,1,Bop1.4,396.812230447309
2_G11,1,Brd1.4,269.412340049465
3_B02,1,Brwd1.1,264.905391638964
3_B03,1,Cbx7.1,506.825770691458
3_B04,1,Cbx8.1,186.35808576449
3_B05,1,Cbx6.1,324.871921250001
3_B06,1,Carm1.1,205.79600539298
3_B07,1,Chd2.1,310.806747715415
3_B08,1,Chaf1b.1,422.732203053538
3_B09,1,Cbx4.1,241.767543766542
3_B10,1,Brwd3.1,386.321835253562
3_B11,1,Chd1.1,254.159010687193
3_C02,1,Chaf1b.2,946.135795376838
3_C03,1,Cbx1.1,196.891808837215
3_C04,1,Brwd1.2,356.150086272766
3_C05,1,Chd1.2,364.375862181437
3_C06,1,Chaf1a.1,964.681429247906
3_C07,1,Cbx8.2,293.542472276032
3_C08,1,Carm1.2,270.262303391214
3_C09,1,Chd1l.1,559.126444202361
3_C10,1,Cbx7.2,445.641947276257
3_C11,1,Cbx5.1,409.555097933715
3_D02,1,Brwd3.2,514.588814473953
3_D03,1,Chd1l.2,397.28329965083
3_D04,1,Cbx7.3,342.526641630121
3_D05,1,Cbx3.1,320.30774379228
3_D06,1,Cbx1.2,222.768055459126
3_D07,1,Chd1l.3,380.383212645994
3_D08,1,Chaf1a.2,513.60951621198
3_D09,1,Cbx4.2,208.142286350047
3_D10,1,Brwd1.3,407.290812082139
3_D11,1,Chd2.2,269.505419910846
3_E02,1,Cbx5.2,325.652660071991
3_E03,1,Cbx6.2,286.615738624163
3_E04,1,Brwd1.4,163.654203627404
3_E05,1,Chaf1b.3,391.340154647183
3_E06,1,Cbx8.3,377.498637336184
3_E07,1,Cbx3.2,249.716398321167
3_E08,1,Brwd3.3,170.220825693376
3_E09,1,Chd1.3,262.654781601706
3_E10,1,Chaf1a.3,232.925134803544
3_E11,1,Cbx4.3,1312.1920020001
3_F02,1,Carm1.3,379.486684183128
3_F03,1,Chd2.3,389.294592854861
3_F04,1,Cbx8.4,287.761089757941
3_F05,1,Cbx3.3,264.399781515981
3_F06,1,Cbx1.3,344.139947929064
3_F07,1,Chaf1b.4,307.526775761279
3_F08,1,Cbx6.3,1063.00217155516
3_F09,1,Cbx5.3,331.840429765472
3_F10,1,Cbx1.4,165.969603438555
3_F11,1,Chd1.4,331.469617845387
3_G02,1,Chaf1a.4,318.638314956734
3_G03,1,Cbx5.4,340.340911039298
3_G04,1,Brwd3.4,268.277434419796
3_G05,1,Chd2.4,349.377040495903
3_G06,1,Chd1l.4,416.820993670142
3_G07,1,Cbx3.4,441.729948885042
3_G08,1,Carm1.4,244.850711091657
3_G09,1,Cbx7.4,340.5413685546
3_G10,1,Cbx4.4,408.865568199836
3_G11,1,Cbx6.4,481.096192962153
4_B02,1,Chd3.1,186.807641481691
4_B03,1,Cxxc1.1,422.221711546305
4_B04,1,Dmap1.1,198.069667699487
4_B05,1,Ctsl.1,345.466654739949
4_B06,1,Chd5.1,317.110479421473
4_B07,1,Dot1l.1,314.234852500217
4_B08,1,Dnmt3a.1,345.98601362295
4_B09,1,Chd9.1,323.865376719499
4_B10,1,Chd4.1,215.035702732012
4_B11,1,Dnmt3b.1,354.223580669629
4_C02,1,Dnmt3a.2,397.555678165055
4_C03,1,Chd6.1,259.633460590785
4_C04,1,Chd3.2,265.302857032593
4_C05,1,Dnmt3b.2,356.084081288535
4_C06,1,Dnmt1.1,297.277513784472
4_C07,1,Dmap1.2,521.428001964013
4_C08,1,Chd5.2,301.283293879964
4_C09,1,Dnmt3l.1,266.724969925243
4_C10,1,Cxxc1.2,310.336041960925
4_C11,1,Crebbp.1,219.952693456496
4_D02,1,Chd4.2,283.362882983208
4_D03,1,Dnmt3l.2,353.901049704379
4_D04,1,Cxxc1.3,403.761646165159
4_D05,1,Chd8.1,387.289675709177
4_D06,1,Chd6.2,317.687811234202
4_D07,1,Dnmt3l.3,278.386833835598
4_D08,1,Dnmt1.2,329.331284684227
4_D09,1,Chd9.2,399.700414088769
4_D10,1,Chd3.3,266.334565891989
4_D11,1,Dot1l.2,387.384827532605
4_E02,1,Crebbp.2,174.374457388815
4_E03,1,Ctsl.2,262.731077118042
4_E04,1,Chd3.4,313.136265945575
4_E05,1,Dnmt3a.3,251.950026536778
4_E06,1,Dmap1.3,281.435827733689
4_E07,1,Chd8.2,252.974016889862
4_E08,1,Chd4.3,323.928787709268
4_E09,1,Dnmt3b.3,350.595012983671
4_E10,1,Dnmt1.3,312.573790553948
4_E11,1,Chd9.3,345.295130538721
4_F02,1,Chd5.3,346.35302290905
4_F03,1,Dot1l.3,402.191682372114
4_F04,1,Dmap1.4,302.037176999314
4_F05,1,Chd8.3,349.174330857716
4_F06,1,Chd6.3,366.260508662201
4_F07,1,Dnmt3a.4,342.231474734731
4_F08,1,Ctsl.3,346.614346736159
4_F09,1,Crebbp.3,294.721485658374
4_F10,1,Chd6.4,328.047789039654
4_F11,1,Dnmt3b.4,358.85663193105
4_G02,1,Dnmt1.4,213.665608315968
4_G03,1,Crebbp.4,243.462053720441
4_G04,1,Chd4.4,300.967388214198
4_G05,1,Dot1l.4,265.178590831776
4_G06,1,Dnmt3l.4,427.355252330001
4_G07,1,Chd8.4,306.044634517885
4_G08,1,Chd5.4,295.490771217222
4_G09,1,Cxxc1.4,435.184518111994
4_G10,1,Chd9.4,431.578665982184
4_G11,1,Ctsl.4,435.636516922645
1_B02,1,Actl6b.1,233.141782362649
1_B03,1,Asxl3.1,348.942938336579
1_B04,1,Atad2.1,274.082947196596
1_B05,1,Asxl2.1,184.247193533014
1_B06,1,Aff4.1,325.671780816398
1_B07,1,Aurkb.1,227.33536819375
1_B08,1,Atm.1,224.134385057597
1_B09,1,A2l.1,274.622426030789
1_B10,1,Aff1.1,302.268307982022
1_B11,1,Atr.1,397.026630493189
1_C02,1,Atm.2,288.35818588569
1_C03,1,Arid2.1,237.904880903874
1_C04,1,Actl6b.2,263.537871579442
1_C05,1,Atr.2,350.399463733917
1_C06,1,Atad2b.1,287.34686639584
1_C07,1,Atad2.2,260.012490042172
1_C08,1,Aff4.2,222.504919123647
1_C09,1,Atrx.1,306.332044835483
1_C10,1,Asxl3.2,509.037080828912
1_C11,1,Asxl1.1,338.905174994484
1_D02,1,Aff1.2,231.163060640603
1_D03,1,Atrx.2,323.730061974536
1_D04,1,Asxl3.3,239.642658836358
1_D05,1,A1l.1,251.37290658992
1_D06,1,Arid2.2,255.255594649276
1_D07,1,Atrx.3,275.761550626671
1_D08,1,Atad2b.2,344.606533514709
1_D09,1,A2l.2,263.805112055544
1_D10,1,Actl6b.3,528.859849998183
1_D11,1,Aurkb.2,432.424540779263
1_E02,1,Asxl1.2,160.91430438377
1_E03,1,Asxl2.2,444.902888061426
1_E04,1,Actl6b.4,278.821705726712
1_E05,1,Atm.3,312.752510995737
1_E06,1,Atad2.3,201.140204075282
1_E07,1,A1l.2,428.702946292316
1_E08,1,Aff1.3,312.65821011855
1_E09,1,Atr.3,315.413134972509
1_E10,1,Atad2b.3,452.918515312684
1_E11,1,A2l.3,369.490996280894
1_F02,1,Aff4.3,230.838299590645
1_F03,1,Aurkb.3,303.136014877841
1_F04,1,Atad2.4,232.715143492752
1_F05,1,A1l.3,448.60114954234
1_F06,1,Arid2.3,306.255067943536
1_F07,1,Atm.4,257.417394940342
1_F08,1,Asxl2.3,397.950990595666
1_F09,1,Asxl1.3,491.77244812584
1_F10,1,Arid2.4,490.340349505685
1_F11,1,Atr.4,313.745640154239
1_G02,1,Atad2b.4,297.070745057006
1_G03,1,Asxl1.4,249.276004576088
1_G04,1,Aff1.4,160.137863076833
1_G05,1,Aurkb.4,299.804790731052
1_G06,1,Atrx.4,287.447642403709
1_G07,1,A1l.4,383.424568842717
1_G08,1,Aff4.4,243.274459637647
1_G09,1,Asxl3.4,346.880397047592
1_G10,1,A2l.4,439.259142484602
1_G11,1,Asxl2.4,330.907630114432
6_B02,1,Fbxw9.1,375.485583020174
6_B03,1,Hcfc1.1,419.602488556204
6_B04,1,Hdac1.1,266.047819712382
6_B05,1,Hat1.1,353.109630285369
6_B06,1,Gadd45a.1,442.83304471033
6_B07,1,Hdac6.1,386.855336367763
6_B08,1,Hdac2.1,357.753572786167
6_B09,1,Gtf2f1.1,342.044467870363
6_B10,1,Fkbp1a.1,344.906344951881
6_B11,1,Hdac3.1,346.054715632557
6_C02,1,Hdac2.2,276.065511839138
6_C03,1,Gadd45b.1,264.84492751414
6_C04,1,Fbxw9.2,214.160522252448
6_C05,1,Hdac3.2,397.687825485945
6_C06,1,Hdac10.1,434.780314375158
6_C07,1,Hdac1.2,384.096541541031
6_C08,1,Gadd45a.2,437.437051333394
6_C09,1,Hdac4.1,343.521065930961
6_C10,1,Hcfc1.2,394.42369906528
6_C11,1,Gtf3c4.1,379.105603825601
6_D02,1,Fkbp1a.2,2141.53086963676
6_D03,1,Hdac4.2,254.199459427134
6_D04,1,Hcfc1.3,534.367627895991
6_D05,1,Gtf2b.1,301.523456054322
6_D06,1,Gadd45b.2,340.533177892811
6_D07,1,Hdac4.3,255.593304813104
6_D08,1,Hdac10.2,416.264168875251
6_D09,1,Gtf2f1.2,327.920567132718
6_D10,1,Fbxw9.3,442.032790509068
6_D11,1,Hdac6.2,455.886354595182
6_E02,1,Gtf3c4.2,288.041853804778
6_E03,1,Hat1.2,339.829911783194
6_E04,1,Fbxw9.4,230.625629249875
6_E05,1,Hdac2.3,279.368536314783
6_E06,1,Hdac1.3,333.288693125963
6_E07,1,Gtf2b.2,503.987395283012
6_E08,1,Fkbp1a.3,435.691907300018
6_E09,1,Hdac3.3,416.362611515812
6_E10,1,Hdac10.3,447.740194364086
6_E11,1,Gtf2f1.3,516.490858190788
6_F02,1,Gadd45a.3,278.437128414759
6_F03,1,Hdac6.3,252.589887114351
6_F04,1,Hdac1.4,225.321062436272
6_F05,1,Gtf2b.3,280.2820350417
6_F06,1,Gadd45b.3,231.888278029277
6_F07,1,Hdac2.4,357.754505215177
6_F08,1,Hat1.3,428.634519057188
6_F09,1,Gtf3c4.3,357.861307160389
6_F10,1,Gadd45b.4,467.028639537611
6_F11,1,Hdac3.4,479.226895754243
6_G02,1,Hdac10.4,244.530745523597
6_G03,1,Gtf3c4.4,238.098631210374
6_G04,1,Fkbp1a.4,377.074347581765
6_G05,1,Hdac6.4,233.413008256072
6_G06,1,Hdac4.4,413.590978378276
6_G07,1,Gtf2b.4,366.318585990574
6_G08,1,Gadd45a.4,317.956698672501
6_G09,1,Hcfc1.4,537.397151328739
6_G10,1,Gtf2f1.4,408.27138100488
6_G11,1,Hat1.4,375.596648018233
control1_B02,1,Bptf.1,147.84894146612
control1_B03,1,Bptf.2,270.155550337394
control1_B04,1,Bptf.3,255.715726875659
control1_B05,1,Bptf.4,206.206234147227
control1_B06,1,Whsc1.1,392.639166759463
control1_B07,1,Whsc1.2,204.643017640582
control1_B08,1,Whsc1.3,271.818851935822
control1_B09,1,Whsc1.4,351.276699496834
control1_B10,1,Cd4.1,278.590637501242
control1_B11,1,Cd4.1,276.825978429381
control1_C02,1,Mll2.1,116.353659947005
control1_C03,1,Mll2.2,81.4449611098633
control1_C04,1,Mll2.3,199.617821895787
control1_C05,1,Mll2.4,135.490734020292
control1_C06,1,Brd8.1,359.194256009211
control1_C07,1,Brd8.2,248.637597053638
control1_C08,1,Brd8.3,221.11735745966
control1_C09,1,Brd8.4,313.989176035471
control1_C10,1,Cd4.2,233.904146212099
control1_C11,1,Cd4.2,185.557814512279
control1_D02,1,Ncor1.1,115.737743977178
control1_D03,1,Ncor1.2,1110.26697303453
control1_D04,1,Ncor1.3,166.331299305891
control1_D05,1,Ncor1.4,162.743048660716
control1_D06,1,Cxxcl.1,320.29763954589
control1_D07,1,Cxxcl.2,279.616849420494
control1_D08,1,Cxxcl.3,346.463728555061
control1_D09,1,Cxxcl.4,267.394129024168
control1_D10,1,Cd4.3,262.954916398556
control1_D11,1,Cd4.3,253.610860666705
control1_E02,1,Smarca4.1,189.808939937326
control1_E03,1,Smarca4.2,156.961034823356
control1_E04,1,Smarca4.3,215.031196320619
control1_E05,1,Smarca4.4,174.265227278423
control1_E06,1,Klf2.1,351.267239870974
control1_E07,1,Klf2.2,268.796641344884
control1_E08,1,Klf2.3,238.671383804981
control1_E09,1,Klf2.4,284.770047906332
control1_E10,1,Cd4.4,266.614066113528
control1_E11,1,Cd4.4,305.118958791967
control1_F02,1,Runx3.1,132.441494360057
control1_F03,1,Runx3.2,81.3617358092076
control1_F04,1,Runx3.3,81.1963522323851
control1_F05,1,Empty,154.623822323948
control1_F06,1,Sp140.1,236.827703680485
control1_F07,1,Sp140.2,153.134644734073
control1_F08,1,Sp140.3,168.446301537487
control1_F09,1,Sp140.4,285.144444142473
control1_F10,1,Empty,727.794977447649
control1_F11,1,Empty,779.395128003847
control1_G02,1,Smarce1.1,234.348371819802
control1_G03,1,Smarce1.2,153.216120748398
control1_G04,1,Smarce1.3,122.87029629621
control1_G05,1,Smarce1.4,243.230613989624
control1_G06,1,Wdr82.1,514.458044290666
control1_G07,1,Wdr82.2,774.14714012782
control1_G08,1,Wdr82.3,470.337288457104
control1_G09,1,Wdr82.4,680.535803228675
control1_G10,1,Empty,369.706451841723
control1_G11,1,Empty,945.049087525481
7_B02,1,Hdac7.1,305.910629975522
7_B03,1,Ing4.1,204.036869348473
7_B04,1,Ing5.1,336.195935516593
7_B05,1,Ing3.1,409.268878949375
7_B06,1,Hdac9.1,78.3122036524609
7_B07,1,Jmjd4.1,243.511287091758
7_B08,1,Jarid2.1,298.141849815222
7_B09,1,Hltf.1,211.930531022499
7_B10,1,Hdac8.1,345.894017397196
7_B11,1,Jhdm1d.1,363.753336953721
7_C02,1,Jarid2.2,260.562043276868
7_C03,1,Hells.1,275.038571823898
7_C04,1,Hdac7.2,287.713198972697
7_C05,1,Jhdm1d.2,275.289983330075
7_C06,1,Ino80.1,281.667698016993
7_C07,1,Ing5.2,242.773378408416
7_C08,1,Hdac9.2,304.059609098292
7_C09,1,Jmjd1c.1,496.26243183884
7_C10,1,Ing4.2,318.916069087535
7_C11,1,Ing2.1,362.608914613114
7_D02,1,Hdac8.2,319.708101621793
7_D03,1,Jmjd1c.2,257.76330868328
7_D04,1,Ing4.3,209.037848592176
7_D05,1,Hira.1,542.548312997675
7_D06,1,Hells.2,303.427127859823
7_D07,1,Jmjd1c.3,164.547752037764
7_D08,1,Ino80.2,442.451178966823
7_D09,1,Hltf.2,305.00433290601
7_D10,1,Hdac7.3,406.910154115938
7_D11,1,Jmjd4.2,385.556060880515
7_E02,1,Ing2.2,248.372527811861
7_E03,1,Ing3.2,225.808802707439
7_E04,1,Hdac7.4,212.283693969228
7_E05,1,Jarid2.3,248.128749341992
7_E06,1,Ing5.3,299.51820190455
7_E07,1,Hira.2,171.848237758125
7_E08,1,Hdac8.3,161.122301784125
7_E09,1,Jhdm1d.3,381.723544815531
7_E10,1,Ino80.3,337.501284486958
7_E11,1,Hltf.3,260.183125852122
7_F02,1,Hdac9.3,238.700705254637
7_F03,1,Jmjd4.3,213.486745536511
7_F04,1,Ing5.4,247.217225065379
7_F05,1,Hira.3,267.787145502786
7_F06,1,Hells.3,231.619664161612
7_F07,1,Jarid2.4,212.327536903329
7_F08,1,Ing3.3,213.753699394645
7_F09,1,Ing2.3,349.079533833539
7_F10,1,Hells.4,350.328812591778
7_F11,1,Jhdm1d.4,344.312725518837
7_G02,1,Ino80.4,286.527212349315
7_G03,1,Ing2.4,241.898420045583
7_G04,1,Hdac8.4,256.598756423506
7_G05,1,Jmjd4.4,336.961495906704
7_G06,1,Jmjd1c.4,202.785875548379
7_G07,1,Hira.4,281.075652656806
7_G08,1,Hdac9.4,865.580989074166
7_G09,1,Ing4.4,385.480867283376
7_G10,1,Hltf.4,231.000515924139
7_G11,1,Ing3.4,455.803151908883
