Position,Pool,shRNA,GeoMean
9_B02,2,Kdm5b.1,1198.393037
9_B03,2,L3mbtl4.1,1297.437981
9_B04,2,Mbd1.1,1516.296488
9_B05,2,L3mbtl3.1,1272.030145
9_B06,2,Kdm5d.1,1129.677671
9_B07,2,Men1.1,1138.877635
9_B08,2,Mbd3.1,1099.242751
9_B09,2,L3mbtl1.1,1183.451316
9_B10,2,Kdm5c.1,1552.207845
9_B11,2,Mbd4.1,1226.53892
9_C02,2,Mbd3.2,968.8894723
9_C03,2,Kdm6a.1,1204.898778
9_C04,2,Kdm5b.2,1169.285488
9_C05,2,Mbd4.2,949.9924608
9_C06,2,Mbd2.1,1015.735634
9_C07,2,Mbd1.2,916.0632907
9_C08,2,Kdm5d.2,1013.313137
9_C09,2,Mecom.1,1194.381642
9_C10,2,L3mbtl4.2,1181.542063
9_C11,2,L3mbtl2.1,1152.649651
9_D02,2,Kdm5c.2,1163.419283
9_D03,2,Mecom.2,1279.435977
9_D04,2,L3mbtl4.3,1511.325697
9_D05,2,Kdm6b.1,1210.897086
9_D06,2,Kdm6a.2,1189.079287
9_D07,2,Mecom.3,1429.3069
9_D08,2,Mbd2.2,967.8563888
9_D09,2,L3mbtl1.2,1339.545883
9_D10,2,Kdm5b.3,1185.698223
9_D11,2,Men1.2,986.9697657
9_E02,2,L3mbtl2.2,1545.293081
9_E03,2,L3mbtl3.2,1335.073733
9_E04,2,Kdm5b.4,1255.400679
9_E05,2,Mbd3.3,1454.80241
9_E06,2,Mbd1.3,1340.591624
9_E07,2,Kdm6b.2,767.5791892
9_E08,2,Kdm5c.3,1431.314765
9_E09,2,Mbd4.3,1252.014932
9_E10,2,Mbd2.3,686.4952721
9_E11,2,L3mbtl1.3,934.4299996
9_F02,2,Kdm5d.3,1102.28708
9_F03,2,Men1.3,1354.485542
9_F04,2,Mbd1.4,1155.327114
9_F05,2,Kdm6b.3,1469.887117
9_F06,2,Kdm6a.3,1167.521791
9_F07,2,Mbd3.4,1313.14443
9_F08,2,L3mbtl3.3,1004.794061
9_F09,2,L3mbtl2.3,1358.458766
9_F10,2,Kdm6a.4,1272.654647
9_F11,2,Mbd4.4,880.3875945
9_G02,2,Mbd2.4,910.3671399
9_G03,2,L3mbtl2.4,1269.392889
9_G04,2,Kdm5c.4,866.3340461
9_G05,2,Men1.4,1084.909358
9_G06,2,Mecom.4,1139.077212
9_G07,2,Kdm6b.4,1076.279546
9_G08,2,Kdm5d.4,1014.984786
9_G09,2,L3mbtl4.4,1032.072007
9_G10,2,L3mbtl1.4,1225.503964
9_G11,2,L3mbtl3.4,952.9616224
11_B02,2,Nap1l2.1,1356.388715
11_B03,2,Padi1.1,1299.824952
11_B04,2,Padi4.1,795.5554994
11_B05,2,Orc1.1,1282.907524
11_B06,2,Ncoa1.1,1409.943399
11_B07,2,Pcgf1.1,1271.941384
11_B08,2,Parp1.1,1304.470285
11_B09,2,Ncor2.1,1375.171556
11_B10,2,Nap1l3.1,1108.875335
11_B11,2,Paxip1.1,1040.900165
11_C02,2,Parp1.2,1357.171135
11_C03,2,Ncoa3.1,1407.057286
11_C04,2,Nap1l2.2,1741.003926
11_C05,2,Paxip1.2,1423.33934
11_C06,2,Padi6.1,1494.692815
11_C07,2,Padi4.2,1576.701698
11_C08,2,Ncoa1.2,1012.257832
11_C09,2,Pbrm1.1,1549.556582
11_C10,2,Padi1.2,1362.525049
11_C11,2,Nsd1.1,1548.831748
11_D02,2,Nap1l3.2,1091.00365
11_D03,2,Pbrm1.2,1390.065441
11_D04,2,Padi1.3,1723.358204
11_D05,2,Ncor1.1,1075.377322
11_D06,2,Ncoa3.2,1350.168119
11_D07,2,Pbrm1.3,1438.698792
11_D08,2,Padi6.2,1627.105409
11_D09,2,Ncor2.2,1186.437828
11_D10,2,Nap1l2.3,1443.640049
11_D11,2,Pcgf1.2,1209.939606
11_E02,2,Nsd1.2,1275.197159
11_E03,2,Orc1.2,1264.134994
11_E04,2,Nap1l2.4,1537.466956
11_E05,2,Parp1.3,1322.880673
11_E06,2,Padi4.3,1502.440301
11_E07,2,Ncor1.2,1670.277848
11_E08,2,Nap1l3.3,1204.593738
11_E09,2,Paxip1.3,1497.222695
11_E10,2,Padi6.3,1689.835395
11_E11,2,Ncor2.3,1310.848197
11_F02,2,Ncoa1.3,1314.291164
11_F03,2,Pcgf1.3,1570.991649
11_F04,2,Padi4.4,1514.068447
11_F05,2,Ncor1.3,1128.535148
11_F06,2,Ncoa3.3,1031.288046
11_F07,2,Parp1.4,1514.066361
11_F08,2,Orc1.3,1411.000835
11_F09,2,Nsd1.3,1362.267129
11_F10,2,Ncoa3.4,1505.661148
11_F11,2,Paxip1.4,1545.884857
11_G02,2,Padi6.4,1398.218173
11_G03,2,Nsd1.4,1169.699613
11_G04,2,Nap1l3.4,1691.505547
11_G05,2,Pcgf1.4,1337.316189
11_G06,2,Pbrm1.4,1372.525412
11_G07,2,Ncor1.4,1105.849789
11_G08,2,Ncoa1.4,1532.274276
11_G09,2,Padi1.4,1127.009047
11_G10,2,Ncor2.4,1182.982534
11_G11,2,Orc1.4,1246.773512
10_B02,2,Mll1.1,1386.099005
10_B03,2,Mta3.1,1257.657665
10_B04,2,Mtf2.1,942.4386843
10_B05,2,Mta2.1,1131.64784
10_B06,2,Mll3.1,1476.459838
10_B07,2,Nap1l1.1,1530.305311
10_B08,2,Myst2.1,1068.655277
10_B09,2,Msl3.1,1628.739161
10_B10,2,Mll2.1,1322.412942
10_B11,2,Myst3.1,1172.227463
10_C02,2,Myst2.2,1074.780081
10_C03,2,Mll5.1,1141.376991
10_C04,2,Mll1.2,1201.97267
10_C05,2,Myst3.2,896.196755
10_C06,2,Myst1.1,1082.67478
10_C07,2,Mtf2.2,920.4049477
10_C08,2,Mll3.2,1642.547139
10_C09,2,Myst4.1,1507.207088
10_C10,2,Mta3.2,1304.508636
10_C11,2,Mta1.1,1083.266218
10_D02,2,Mll2.2,1244.424723
10_D03,2,Myst4.2,1863.962251
10_D04,2,Mta3.3,417.7259881
10_D05,2,Morf4l1.1,1385.497435
10_D06,2,Mll5.2,1369.337588
10_D07,2,Myst4.3,1505.336913
10_D08,2,Myst1.2,1427.557462
10_D09,2,Msl3.2,1368.097676
10_D10,2,Mll1.3,1600.363025
10_D11,2,Nap1l1.2,1439.987366
10_E02,2,Mta1.2,1394.891827
10_E03,2,Mta2.2,1301.890689
10_E04,2,Mll1.4,1619.954843
10_E05,2,Myst2.3,1502.063185
10_E06,2,Mtf2.3,1549.302792
10_E07,2,Morf4l1.2,1553.836435
10_E08,2,Mll2.3,873.0134365
10_E09,2,Myst3.3,1403.494534
10_E10,2,Myst1.3,1230.906356
10_E11,2,Msl3.3,1186.654209
10_F02,2,Mll3.3,1293.221834
10_F03,2,Nap1l1.3,1223.727062
10_F04,2,Mtf2.4,1394.049436
10_F05,2,Morf4l1.3,1058.71504
10_F06,2,Mll5.3,1213.678637
10_F07,2,Myst2.4,1204.349199
10_F08,2,Mta2.3,1261.54587
10_F09,2,Mta1.3,1394.073878
10_F10,2,Mll5.4,837.8689238
10_F11,2,Myst3.4,1220.411883
10_G02,2,Myst1.4,1270.139135
10_G03,2,Mta1.4,1086.277411
10_G04,2,Mll2.4,1672.568663
10_G05,2,Nap1l1.4,1443.744132
10_G06,2,Myst4.4,1198.5124
10_G07,2,Morf4l1.4,1285.792762
10_G08,2,Mll3.4,778.5722774
10_G09,2,Mta3.4,1276.738945
10_G10,2,Msl3.4,1298.230953
10_G11,2,Mta2.4,1371.875577
8_B02,2,Jmjd5.1,886.0407406
8_B03,2,Kdm2b.1,1257.835065
8_B04,2,Kdm3a.1,1452.416031
8_B05,2,Kdm2a.1,1205.511683
8_B06,2,Kat2a.1,1270.274527
8_B07,2,Kdm5a.1,1603.885334
8_B08,2,Kdm4a.1,1498.784466
8_B09,2,Kdm1a.1,1453.638721
8_B10,2,Jmjd6.1,1130.812373
8_B11,2,Kdm4c.1,1563.090032
8_C02,2,Kdm4a.2,675.8395016
8_C03,2,Kat2b.1,1163.222207
8_C04,2,Jmjd5.2,1153.061391
8_C05,2,Kdm4c.2,1099.461253
8_C06,2,Kdm3b.1,1155.527898
8_C07,2,Kdm3a.2,1337.488364
8_C08,2,Kat2a.2,1373.750003
8_C09,2,Kdm4d.1,1033.486909
8_C10,2,Kdm2b.2,1067.023115
8_C11,2,Kdm1b.1,1320.308772
8_D02,2,Jmjd6.2,850.5486113
8_D03,2,Kdm4d.2,1190.750172
8_D04,2,Kdm2b.3,1012.205192
8_D05,2,Kat5.1,1590.015213
8_D06,2,Kat2b.2,1539.637086
8_D07,2,Kdm4d.3,1358.948448
8_D08,2,Kdm3b.2,1343.629028
8_D09,2,Kdm1a.2,1175.169912
8_D10,2,Jmjd5.3,1373.551189
8_D11,2,Kdm5a.2,1174.490293
8_E02,2,Kdm1b.2,1138.319539
8_E03,2,Kdm2a.2,1119.579776
8_E04,2,Jmjd5.4,1296.942685
8_E05,2,Kdm4a.3,1549.485391
8_E06,2,Kdm3a.3,1492.530641
8_E07,2,Kat5.2,1272.979087
8_E08,2,Jmjd6.3,1432.944978
8_E09,2,Kdm4c.3,1340.344259
8_E10,2,Kdm3b.3,1162.231379
8_E11,2,Kdm1a.3,1229.364984
8_F02,2,Kat2a.3,1245.283967
8_F03,2,Kdm5a.3,1245.832903
8_F04,2,Kdm3a.4,1056.222839
8_F05,2,Kat5.3,1196.994876
8_F06,2,Kat2b.3,1376.250617
8_F07,2,Kdm4a.4,1471.803202
8_F08,2,Kdm2a.3,1771.329545
8_F09,2,Kdm1b.3,1444.306328
8_F10,2,Kat2b.4,1741.791745
8_F11,2,Kdm4c.4,1308.756468
8_G02,2,Kdm3b.4,897.4660467
8_G03,2,Kdm1b.4,1207.200885
8_G04,2,Jmjd6.4,1239.46075
8_G05,2,Kdm5a.4,1343.495575
8_G06,2,Kdm4d.4,1574.873666
8_G07,2,Kat5.4,1223.736903
8_G08,2,Kat2a.4,1104.835233
8_G09,2,Kdm2b.4,1200.193588
8_G10,2,Kdm1a.4,1418.477847
8_G11,2,Kdm2a.4,1541.759456
control2_B02,2,Bptf.1,1412.885266
control2_B03,2,Bptf.2,1136.009128
control2_B04,2,Bptf.3,1440.653759
control2_B05,2,Bptf.4,1397.384757
control2_B06,2,Whsc1.1,1185.673496
control2_B07,2,Whsc1.2,1169.621203
control2_B08,2,Whsc1.3,1049.004394
control2_B09,2,Whsc1.4,1141.308523
control2_B10,2,Cd4.1,1182.914629
control2_B11,2,Cd4.1,1124.046937
control2_C02,2,Mll2.1,1327.087836
control2_C03,2,Mll2.2,1187.463112
control2_C04,2,Mll2.3,1403.060176
control2_C05,2,Mll2.4,998.8046672
control2_C06,2,Brd8.1,1407.195179
control2_C07,2,Brd8.2,1179.335223
control2_C08,2,Brd8.3,1381.746754
control2_C09,2,Brd8.4,1307.62648
control2_C10,2,Cd4.2,1430.072629
control2_C11,2,Cd4.2,1448.97501
control2_D02,2,Ncor1.1,832.9297097
control2_D03,2,Ncor1.2,806.0802264
control2_D04,2,Ncor1.3,944.1074771
control2_D05,2,Ncor1.4,939.0501989
control2_D06,2,Cxxcl.1,1137.758237
control2_D07,2,Cxxcl.2,1107.999912
control2_D08,2,Cxxcl.3,1096.143516
control2_D09,2,Cxxcl.4,698.2193645
control2_D10,2,Cd4.3,1369.332947
control2_D11,2,Cd4.3,1121.377472
control2_E02,2,Smarca4.1,948.8698701
control2_E03,2,Smarca4.2,744.2054555
control2_E04,2,Smarca4.3,963.4981484
control2_E05,2,Smarca4.4,1166.641201
control2_E06,2,Klf2.1,1129.556254
control2_E07,2,Klf2.2,1381.816579
control2_E08,2,Klf2.3,1396.252474
control2_E09,2,Klf2.4,854.5505673
control2_E10,2,Cd4.4,1134.973191
control2_E11,2,Cd4.4,808.7054074
control2_F02,2,Runx3.1,1287.180861
control2_F03,2,Runx3.2,1739.076492
control2_F04,2,Runx3.3,1272.13287
control2_F05,2,Empty,2563.521196
control2_F06,2,Sp140.1,1297.052755
control2_F07,2,Sp140.2,901.678112
control2_F08,2,Sp140.3,905.0195456
control2_F09,2,Sp140.4,1477.755913
control2_F10,2,Empty,685.4696829
control2_F11,2,Empty,2754.857329
control2_G02,2,Smarce1.1,994.2228742
control2_G03,2,Smarce1.2,753.0331054
control2_G04,2,Smarce1.3,833.5960883
control2_G05,2,Smarce1.4,1013.088819
control2_G06,2,Wdr82.1,607.086757
control2_G07,2,Wdr82.2,599.9186682
control2_G08,2,Wdr82.3,629.0957973
control2_G09,2,Wdr82.4,507.355615
control2_G10,2,Empty,314.2023923
control2_G11,2,Empty,915.2398592
12_B02,2,Pcgf2.1,2260.635191
12_B03,2,Phf20.1,1650.151983
12_B04,2,Phf20l1.1,1928.850942
12_B05,2,Phf2.1,1250.41741
12_B06,2,Pcgf6.1,1521.441173
12_B07,2,Prdm1.1,1344.717989
12_B08,2,Phip.1,1366.41347
12_B09,2,Phf1.1,1364.77122
12_B10,2,Pcgf5.1,1535.888171
12_B11,2,Polr2b.1,936.6838121
12_C02,2,Phip.2,1708.687334
12_C03,2,Pcmt1.1,1433.363931
12_C04,2,Pcgf2.2,1543.984515
12_C05,2,Polr2b.2,1052.575748
12_C06,2,Phf8.1,1308.403368
12_C07,2,Phf20l1.2,1217.895261
12_C08,2,Pcgf6.2,818.3430527
12_C09,2,Ppargc1a.1,1093.688448
12_C10,2,Phf20.2,970.0127617
12_C11,2,Phf19.1,1264.037654
12_D02,2,Pcgf5.2,1321.48885
12_D03,2,Ppargc1a.2,1468.737125
12_D04,2,Phf20.3,1542.557443
12_D05,2,Phc1.1,1780.919926
12_D06,2,Pcmt1.2,569.9760473
12_D07,2,Ppargc1a.3,1228.773079
12_D08,2,Phf8.2,1227.455458
12_D09,2,Phf1.2,1145.009882
12_D10,2,Pcgf2.3,1234.752461
12_D11,2,Prdm1.2,979.6042436
12_E02,2,Phf19.2,1179.969886
12_E03,2,Phf2.2,1251.601722
12_E04,2,Pcgf2.4,1333.124629
12_E05,2,Phip.3,1059.09218
12_E06,2,Phf20l1.3,1249.836187
12_E07,2,Phc1.2,1325.03371
12_E08,2,Pcgf5.3,1024.422884
12_E09,2,Polr2b.3,1151.366411
12_E10,2,Phf8.3,1144.954061
12_E11,2,Phf1.3,1218.339196
12_F02,2,Pcgf6.3,1272.773706
12_F03,2,Prdm1.3,1308.553209
12_F04,2,Phf20l1.4,1156.510713
12_F05,2,Phc1.3,1384.238908
12_F06,2,Pcmt1.3,1177.88762
12_F07,2,Phip.4,1033.050569
12_F08,2,Phf2.3,1059.940436
12_F09,2,Phf19.3,1155.304334
12_F10,2,Pcmt1.4,1163.768798
12_F11,2,Polr2b.4,941.9130299
12_G02,2,Phf8.4,777.1622085
12_G03,2,Phf19.4,1556.549841
12_G04,2,Pcgf5.4,1100.483915
12_G05,2,Prdm1.4,1181.226867
12_G06,2,Ppargc1a.4,1405.359825
12_G07,2,Phc1.4,1170.489819
12_G08,2,Pcgf6.4,1197.912633
12_G09,2,Phf20.4,864.1210123
12_G10,2,Phf1.4,854.0117637
12_G11,2,Phf2.4,929.9020833
14_B02,2,Prmt1.1,1280.567742
14_B03,2,Rbbp4.1,1492.548487
14_B04,2,Rbbp5.1,1100.658433
14_B05,2,Psip1.1,777.517117
14_B06,2,Prmt3.1,1429.518623
14_B07,2,Rnf40.1,1410.205129
14_B08,2,Ring1.1,1015.224524
14_B09,2,Prmt7.1,1427.687423
14_B10,2,Prmt2.1,1054.043612
14_B11,2,Rnf20.1,1145.758674
14_C02,2,Ring1.2,1383.750673
14_C03,2,Prmt5.1,1138.339528
14_C04,2,Prmt1.2,964.0804401
14_C05,2,Rnf20.2,1442.347672
14_C06,2,Rbbp7.1,1032.77505
14_C07,2,Rbbp5.2,1374.70885
14_C08,2,Prmt3.2,1282.176106
14_C09,2,Rnf217.1,1097.129966
14_C10,2,Rbbp4.2,828.3937663
14_C11,2,Prmt8.1,1092.762384
14_D02,2,Prmt2.2,1385.077066
14_D03,2,Rnf217.2,1215.019196
14_D04,2,Rbbp4.3,1322.506327
14_D05,2,Prmt6.1,1118.112365
14_D06,2,Prmt5.2,1175.98762
14_D07,2,Rnf217.3,1450.762889
14_D08,2,Rbbp7.2,804.0992787
14_D09,2,Prmt7.2,1407.69717
14_D10,2,Prmt1.3,1089.949165
14_D11,2,Rnf40.2,1111.409799
14_E02,2,Prmt8.2,1304.846128
14_E03,2,Psip1.2,1150.277799
14_E04,2,Prmt1.4,1453.864754
14_E05,2,Ring1.3,874.6343577
14_E06,2,Rbbp5.3,1158.669395
14_E07,2,Prmt6.2,1031.397167
14_E08,2,Prmt2.3,1268.049192
14_E09,2,Rnf20.3,1102.007013
14_E10,2,Rbbp7.3,1114.279901
14_E11,2,Prmt7.3,923.0192209
14_F02,2,Prmt3.3,947.6919393
14_F03,2,Rnf40.3,1043.90156
14_F04,2,Rbbp5.4,941.6161033
14_F05,2,Prmt6.3,851.7445684
14_F06,2,Prmt5.3,1071.129087
14_F07,2,Ring1.4,623.261521
14_F08,2,Psip1.3,675.4117163
14_F09,2,Prmt8.3,1099.915247
14_F10,2,Prmt5.4,1068.737348
14_F11,2,Rnf20.4,1248.601237
14_G02,2,Rbbp7.4,155.488192
14_G03,2,Prmt8.4,1110.139406
14_G04,2,Prmt2.4,794.5705188
14_G05,2,Rnf40.4,
14_G06,2,Rnf217.4,
14_G07,2,Prmt6.4,
14_G08,2,Prmt3.4,
14_G09,2,Rbbp4.4,
14_G10,2,Prmt7.4,
14_G11,2,Psip1.4,
13_B02,2,Prdm10.1,1237.128104
13_B03,2,Prdm5.1,880.0679102
13_B04,2,Prdm6.1,1531.007713
13_B05,2,Prdm4.1,1408.449446
13_B06,2,Prdm12.1,1648.766
13_B07,2,Prkcd.1,1436.73575
13_B08,2,Prdm9.1,1476.998413
13_B09,2,Prdm15.1,1366.359512
13_B10,2,Prdm11.1,1143.949193
13_B11,2,Prkaa1.1,1434.772133
13_C02,2,Prdm9.2,1184.574544
13_C03,2,Prdm13.1,1349.880804
13_C04,2,Prdm10.2,1250.427128
13_C05,2,Prkaa1.2,1331.127197
13_C06,2,Prdm8.1,1463.867791
13_C07,2,Prdm6.2,1194.736633
13_C08,2,Prdm12.2,1433.141949
13_C09,2,Prkaa2.1,1429.045253
13_C10,2,Prdm5.2,1399.483141
13_C11,2,Prdm2.1,1271.171805
13_D02,2,Prdm11.2,1179.015434
13_D03,2,Prkaa2.2,1596.862092
13_D04,2,Prdm5.3,1317.394749
13_D05,2,Prdm14.1,1411.677583
13_D06,2,Prdm13.2,1980.24254
13_D07,2,Prkaa2.3,1501.512253
13_D08,2,Prdm8.2,1524.417018
13_D09,2,Prdm15.2,1474.060437
13_D10,2,Prdm10.3,1123.432586
13_D11,2,Prkcd.2,1358.711832
13_E02,2,Prdm2.2,1442.326063
13_E03,2,Prdm4.2,1345.770565
13_E04,2,Prdm10.4,1611.297863
13_E05,2,Prdm9.3,1311.809097
13_E06,2,Prdm6.3,1293.180922
13_E07,2,Prdm14.2,1065.530218
13_E08,2,Prdm11.3,1424.48704
13_E09,2,Prkaa1.3,1443.2089
13_E10,2,Prdm8.3,1470.670973
13_E11,2,Prdm15.3,1208.776139
13_F02,2,Prdm12.3,1301.40693
13_F03,2,Prkcd.3,1288.197539
13_F04,2,Prdm6.4,1406.147247
13_F05,2,Prdm14.3,1396.117932
13_F06,2,Prdm13.3,872.9089315
13_F07,2,Prdm9.4,1441.106183
13_F08,2,Prdm4.3,1444.558971
13_F09,2,Prdm2.3,1371.166302
13_F10,2,Prdm13.4,1635.903001
13_F11,2,Prkaa1.4,1271.980845
13_G02,2,Prdm8.4,1417.228366
13_G03,2,Prdm2.4,1123.506374
13_G04,2,Prdm11.4,1670.198115
13_G05,2,Prkcd.4,1490.948936
13_G06,2,Prkaa2.4,1352.504383
13_G07,2,Prdm14.4,1612.511584
13_G08,2,Prdm12.4,1313.597955
13_G09,2,Prdm5.4,1757.835676
13_G10,2,Prdm15.4,1441.099222
13_G11,2,Prdm4.4,1481.409535
16_B02,3,Sirt1.1,566.2899359
16_B03,3,Smarca5.1,1078.969076
16_B04,3,Smarcc2.1,693.6287705
16_B05,3,Smarca4.1,580.7819762
16_B06,3,Sirt4.1,604.27486
16_B07,3,Smyd3.1,928.85925
16_B08,3,Smarcd3.1,584.7941597
16_B09,3,Sirt7.1,882.2705938
16_B10,3,Sirt3.1,516.8892634
16_B11,3,Smarce1.1,641.6842655
16_C02,3,Smarcd3.2,941.1202467
16_C03,3,Sirt5.1,971.8549751
16_C04,3,Sirt1.2,779.2807952
16_C05,3,Smarce1.2,774.6899475
16_C06,3,Smarcd1.1,542.4325143
16_C07,3,Smarcc2.2,534.7339843
16_C08,3,Sirt4.2,687.3563413
16_C09,3,Smyd2.1,696.5794842
16_C10,3,Smarca5.2,721.8617249
16_C11,3,Smarca1.1,526.0560371
16_D02,3,Sirt3.2,813.6986683
16_D03,3,Smyd2.2,781.8742668
16_D04,3,Smarca5.3,863.4410698
16_D05,3,Sirt6.1,764.239509
16_D06,3,Sirt5.2,792.7311405
16_D07,3,Smyd2.3,238.0691659
16_D08,3,Smarcd1.2,561.1340235
16_D09,3,Sirt7.2,829.2359479
16_D10,3,Sirt1.3,678.377953
16_D11,3,Smyd3.2,756.8677215
16_E02,3,Smarca1.2,768.3871373
16_E03,3,Smarca4.2,621.4030718
16_E04,3,Sirt1.4,788.0439053
16_E05,3,Smarcd3.3,952.3491899
16_E06,3,Smarcc2.3,602.6400529
16_E07,3,Sirt6.2,718.7761228
16_E08,3,Sirt3.3,497.3501116
16_E09,3,Smarce1.3,721.5545225
16_E10,3,Smarcd1.3,337.1221815
16_E11,3,Sirt7.3,659.6055799
16_F02,3,Sirt4.3,639.3307176
16_F03,3,Smyd3.3,651.2026285
16_F04,3,Smarcc2.4,842.3630619
16_F05,3,Sirt6.3,735.2792323
16_F06,3,Sirt5.3,715.0489035
16_F07,3,Smarcd3.4,617.4972464
16_F08,3,Smarca4.3,708.494386
16_F09,3,Smarca1.3,1014.756468
16_F10,3,Sirt5.4,663.7037613
16_F11,3,Smarce1.4,725.6840068
16_G02,3,Smarcd1.4,573.6576697
16_G03,3,Smarca1.4,449.5643632
16_G04,3,Sirt3.4,836.2400287
16_G05,3,Smyd3.4,584.4570035
16_G06,3,Smyd2.4,787.7103423
16_G07,3,Sirt6.4,705.5828801
16_G08,3,Sirt4.4,696.8738763
16_G09,3,Smarca5.4,863.2044023
16_G10,3,Sirt7.4,739.6308823
16_G11,3,Smarca4.4,570.322446
19_B02,3,Wbp7.1,996.0434261
19_B03,3,Arid1b.1,1352.704999
19_B04,3,Brd7.2,1314.607082
19_B05,3,Actb,972.4401759
19_B06,3,Wdr82.1,427.4793401
19_B07,3,Eaf1.1,1119.62295
19_B08,3,Cecr2.1,1393.596458
19_B09,3,Zmynd11.1,1184.489348
19_B10,3,Wdr5.1,1323.510085
19_B11,3,Chd7.2,1179.651054
19_C02,3,Cecr2.2,879.9487607
19_C03,3,Whsc1.1,1090.658968
19_C04,3,Wbp7.2,1273.219226
19_C05,3,Chd7.3,1158.018265
19_C06,3,Brdt.3,1104.572546
19_C07,3,Brd7.3,1066.366441
19_C08,3,Wdr82.2,405.0944694
19_C09,3,Clock.3,1025.672081
19_C10,3,Arid1b.2,1270.021995
19_C11,3,Zmynd8.1,1137.996488
19_D02,3,Wdr5.2,662.2704993
19_D03,3,Dpy30.1,971.0943495
19_D04,3,Arid1b.3,868.4018969
19_D05,3,Whsc1l1.1,644.1331165
19_D06,3,Whsc1.2,845.1816488
19_D07,3,Dpy30.2,1046.819533
19_D08,3,Cbx2.1,781.6068821
19_D09,3,Zmynd11.2,999.8433359
19_D10,3,Wbp7.3,910.371441
19_D11,3,Eaf1.2,774.015995
19_E02,3,Zmynd8.2,1242.149899
19_E03,3,Actl6a,595.7115067
19_E04,3,Wbp7.4,1296.527736
19_E05,3,Cecr2.3,1254.347089
19_E06,3,Brdt.1,758.6260043
19_E07,3,Whsc1l1.2,1353.235668
19_E08,3,Wdr5.3,1373.211362
19_E09,3,Clock.1,1132.760876
19_E10,3,Cbx2.2,919.0507668
19_E11,3,Zmynd11.3,955.4766308
19_F02,3,Wdr82.3,388.3827255
19_F03,3,Eaf1.3,1050.766938
19_F04,3,Brdt.2,1243.781677
19_F05,3,Whsc1l1.3,886.8751315
19_F06,3,Whsc1.3,986.6496509
19_F07,3,Chd7.1,1249.976853
19_F08,3,Arid1a.1,957.2565063
19_F09,3,Zmynd8.3,1067.517802
19_F10,3,Whsc1.4,732.8802713
19_F11,3,Clock.2,777.1942584
19_G02,3,Cbx2.3,884.1481488
19_G03,3,Zmynd8.4,821.1589474
19_G04,3,Wdr5.4,740.0671077
19_G05,3,Fbxo17.1,951.2984233
19_G06,3,Dpy30.3,978.213229
19_G07,3,Whsc1l1.4,684.7744911
19_G08,3,Wdr82.4,323.6955353
19_G09,3,Brd7.1,956.2600406
19_G10,3,Zmynd11.4,769.9393133
19_G11,3,Arid1a.2,624.1098161
17_B02,3,Smyd4.1,691.3826019
17_B03,3,Suv39h2.1,998.4855341
17_B04,3,Suv420h1.1,716.5376621
17_B05,3,Suv39h1.1,859.0248147
17_B06,3,Sp100.1,622.9508376
17_B07,3,Tcea1.1,553.9144033
17_B08,3,Suz12.1,637.0179414
17_B09,3,Ssrp1.1,501.4605621
17_B10,3,Smyd5.1,672.7179792
17_B11,3,Taf1.1,325.7555991
17_C02,3,Suz12.2,824.3050394
17_C03,3,Sp110.1,943.3799338
17_C04,3,Smyd4.2,1033.627841
17_C05,3,Taf1.2,578.7544874
17_C06,3,Suv420h2.1,1000.469807
17_C07,3,Suv420h1.2,967.3893579
17_C08,3,Sp100.2,1211.980433
17_C09,3,Taf3.1,628.507699
17_C10,3,Suv39h2.2,809.0734583
17_C11,3,Supt16h.1,726.770503
17_D02,3,Smyd5.2,903.7104159
17_D03,3,Taf3.2,886.3941952
17_D04,3,Suv39h2.3,1552.722943
17_D05,3,Sp140.1,1180.038303
17_D06,3,Sp110.2,1022.336059
17_D07,3,Taf3.3,534.7180601
17_D08,3,Suv420h2.2,1076.572235
17_D09,3,Ssrp1.2,426.8996077
17_D10,3,Smyd4.3,494.9007701
17_D11,3,Tcea1.2,441.1763528
17_E02,3,Supt16h.2,479.7506428
17_E03,3,Suv39h1.2,915.6076965
17_E04,3,Smyd4.4,777.2460438
17_E05,3,Suz12.3,1154.762616
17_E06,3,Suv420h1.3,1025.669879
17_E07,3,Sp140.2,761.6757547
17_E08,3,Smyd5.3,773.3100779
17_E09,3,Taf1.3,397.2331449
17_E10,3,Suv420h2.3,657.1655463
17_E11,3,Ssrp1.3,319.5484509
17_F02,3,Sp100.3,988.1254899
17_F03,3,Tcea1.3,1270.788729
17_F04,3,Suv420h1.4,1128.865985
17_F05,3,Sp140.3,1010.720391
17_F06,3,Sp110.3,945.2460248
17_F07,3,Suz12.4,686.0762624
17_F08,3,Suv39h1.3,984.9187352
17_F09,3,Supt16h.3,879.8856999
17_F10,3,Sp110.4,728.2846255
17_F11,3,Taf1.4,146.8447538
17_G02,3,Suv420h2.4,841.5117474
17_G03,3,Supt16h.4,821.4568694
17_G04,3,Smyd5.4,1097.009722
17_G05,3,Tcea1.4,845.7778868
17_G06,3,Taf3.4,747.0812728
17_G07,3,Sp140.4,1248.356494
17_G08,3,Sp100.4,788.5905223
17_G09,3,Suv39h2.4,938.8049881
17_G10,3,Ssrp1.4,539.2185113
17_G11,3,Suv39h1.4,538.5050907
18_B02,3,Tdg.1,776.8807807
18_B03,3,Ube2b.1,951.9826467
18_B04,3,Ube2e1.1,926.4753128
18_B05,3,Trim66.1,949.0325913
18_B06,3,Tet2.1,982.3741197
18_B07,3,Usp51.1,1198.229609
18_B08,3,Uhrf1.1,617.9356911
18_B09,3,Trim28.1,774.4103506
18_B10,3,Tet1.1,543.9856035
18_B11,3,Usp22.1,685.4701839
18_C02,3,Uhrf1.2,893.3680046
18_C03,3,Tet3.1,1440.69654
18_C04,3,Tdg.2,1132.714788
18_C05,3,Usp22.2,1118.065403
18_C06,3,Ube2i.1,551.1907307
18_C07,3,Ube2e1.2,662.4513492
18_C08,3,Tet2.2,953.433207
18_C09,3,Usp27x.1,1171.048516
18_C10,3,Ube2b.2,855.6761018
18_C11,3,Trim33.1,818.4542183
18_D02,3,Tet1.2,1271.628679
18_D03,3,Usp27x.2,1186.280157
18_D04,3,Ube2b.3,1567.86373
18_D05,3,Trim24.1,771.0350212
18_D06,3,Tet3.2,1194.874708
18_D07,3,Usp27x.3,1141.744404
18_D08,3,Ube2i.2,734.8745344
18_D09,3,Trim28.2,1302.541209
18_D10,3,Tdg.3,1097.920192
18_D11,3,Usp51.2,1028.684317
18_E02,3,Trim33.2,1094.224619
18_E03,3,Trim66.2,761.1131426
18_E04,3,Tdg.4,990.3867019
18_E05,3,Uhrf1.3,883.2897558
18_E06,3,Ube2e1.3,829.6280074
18_E07,3,Trim24.2,825.538591
18_E08,3,Tet1.3,810.2160228
18_E09,3,Usp22.3,785.5521514
18_E10,3,Ube2i.3,1215.074762
18_E11,3,Trim28.3,669.0673641
18_F02,3,Tet2.3,700.602858
18_F03,3,Usp51.3,1397.72755
18_F04,3,Ube2e1.4,1252.125331
18_F05,3,Trim24.3,771.8412563
18_F06,3,Tet3.3,1111.017813
18_F07,3,Uhrf1.4,896.4056918
18_F08,3,Trim66.3,759.0003237
18_F09,3,Trim33.3,938.1557079
18_F10,3,Tet3.4,880.805131
18_F11,3,Usp22.4,427.2899174
18_G02,3,Ube2i.4,1067.697879
18_G03,3,Trim33.4,1566.084488
18_G04,3,Tet1.4,1107.490682
18_G05,3,Usp51.4,1467.675462
18_G06,3,Usp27x.4,1261.129622
18_G07,3,Trim24.4,844.1355826
18_G08,3,Tet2.4,968.161434
18_G09,3,Ube2b.4,818.1258881
18_G10,3,Trim28.4,664.3719422
18_G11,3,Trim66.4,1064.095795
control3_B02,3,Bptf.1,1219.252511
control3_B03,3,Bptf.2,1218.563554
control3_B04,3,Bptf.3,1212.231602
control3_B05,3,Bptf.4,1338.618063
control3_B06,3,Whsc1.1,1146.337323
control3_B07,3,Whsc1.2,1064.564864
control3_B08,3,Whsc1.3,1101.509802
control3_B09,3,Whsc1.4,1085.588195
control3_B10,3,Cd4.1,1128.119959
control3_B11,3,Cd4.1,625.1573473
control3_C02,3,Mll2.1,737.4871973
control3_C03,3,Mll2.2,931.54463
control3_C04,3,Mll2.3,1171.624343
control3_C05,3,Mll2.4,362.4878544
control3_C06,3,Brd8.1,791.0810755
control3_C07,3,Brd8.2,719.6952404
control3_C08,3,Brd8.3,892.6289116
control3_C09,3,Brd8.4,651.4178507
control3_C10,3,Cd4.2,1068.88447
control3_C11,3,Cd4.2,1071.501072
control3_D02,3,Ncor1.1,483.011691
control3_D03,3,Ncor1.2,325.4650479
control3_D04,3,Ncor1.3,1099.406905
control3_D05,3,Ncor1.4,635.371319
control3_D06,3,Cxxcl.1,1030.356942
control3_D07,3,Cxxcl.2,878.4174962
control3_D08,3,Cxxcl.3,868.2486221
control3_D09,3,Cxxcl.4,449.7775437
control3_D10,3,Cd4.3,1061.770265
control3_D11,3,Cd4.3,779.2929537
control3_E02,3,Smarca4.1,592.6227601
control3_E03,3,Smarca4.2,568.5770475
control3_E04,3,Smarca4.3,823.0102182
control3_E05,3,Smarca4.4,1021.404926
control3_E06,3,Klf2.1,932.1140176
control3_E07,3,Klf2.2,1200.051048
control3_E08,3,Klf2.3,933.1331199
control3_E09,3,Klf2.4,730.1148043
control3_E10,3,Cd4.4,910.5759882
control3_E11,3,Cd4.4,703.0647194
control3_F02,3,Runx3.1,1193.881822
control3_F03,3,Runx3.2,1613.200805
control3_F04,3,Runx3.3,1361.473955
control3_F05,3,Empty,565.5130076
control3_F06,3,Sp140.1,1270.149116
control3_F07,3,Sp140.2,857.5097708
control3_F08,3,Sp140.3,821.2068182
control3_F09,3,Sp140.4,1260.340449
control3_F10,3,Empty,209.4966907
control3_F11,3,Empty,154.6346241
control3_G02,3,Smarce1.1,319.5805845
control3_G03,3,Smarce1.2,867.0702196
control3_G04,3,Smarce1.3,929.1265901
control3_G05,3,Smarce1.4,1008.178928
control3_G06,3,Wdr82.1,419.7097104
control3_G07,3,Wdr82.2,394.0646463
control3_G08,3,Wdr82.3,386.4856078
control3_G09,3,Wdr82.4,327.6928249
control3_G10,3,Empty,164.8676229
control3_G11,3,Empty,1164.860386
20_B02,3,Fbxo17.2,1156.938036
20_B03,3,Padi2.1,832.8057765
20_B04,3,Paf1.1,503.4914215
20_B05,3,Kdm4b.3,835.7227131
20_B06,3,Gtf2h1.1,584.014757
20_B07,3,Rnf2.2,794.4355475
20_B08,3,Phc3.1,600.0455784
20_B09,3,Iws1.1,664.0926544
20_B10,3,Fkbp2.3,975.9320908
20_B11,3,Phf10.2,883.6792764
20_C02,3,Phc3.2,839.4135097
20_C03,3,H2afz.2,942.556092
20_C04,3,Fbxo17.3,1165.200785
20_C05,3,Phf10.3,873.7276319
20_C06,3,Parp2.2,1360.931429
20_C07,3,Paf1.2,969.1965115
20_C08,3,Gtf2h1.2,1093.02911
20_C09,3,Prdm16.1,1074.409249
20_C10,3,Padi2.2,1151.925697
20_C11,3,Jmjd8.2,865.5175561
20_D02,3,Fkbp5.1,1256.524524
20_D03,3,Prdm16.2,1211.289295
20_D04,3,Padi2.3,1130.446485
20_D05,3,Hdac11.3,1302.242726
20_D06,3,H2afz.3,1233.081283
20_D07,3,Prdm16.3,906.4086684
20_D08,3,Parp2.3,1455.327384
20_D09,3,Iws1.2,1164.177665
20_D10,3,Fkbp2.1,1154.745796
20_D11,3,Rnf2.3,959.6599929
20_E02,3,Jmjd8.3,1237.997204
20_E03,3,Mecp2.1,1213.680496
20_E04,3,Fkbp2.2,1080.731822
20_E05,3,Phc3.3,952.3491208
20_E06,3,Paf1.3,867.9353758
20_E07,3,Hdac5.1,882.0624212
20_E08,3,Fkbp5.2,1200.883905
20_E09,3,Phf17.1,1044.402119
20_E10,3,Phc2.1,992.0484345
20_E11,3,Iws1.3,1179.716987
20_F02,3,Gtf2h1.3,1097.503576
20_F03,3,Satb1.1,1290.945506
20_F04,3,Parp2.1,1448.168019
20_F05,3,Hdac5.2,1163.654048
20_F06,3,Hdac11.1,1182.371901
20_F07,3,Phf10.1,892.3758464
20_F08,3,Mecp2.2,1255.898872
20_F09,3,Kdm4b.1,1263.46422
20_F10,3,Hdac11.2,1115.538013
20_F11,3,Phf17.2,1088.9528
20_G02,3,Phc2.2,837.0494005
20_G03,3,Kdm4b.2,913.2334679
20_G04,3,Fkbp5.3,1195.833639
20_G05,3,Satb1.2,686.1592622
20_G06,3,Rnf2.1,1033.305308
20_G07,3,Hdac5.3,908.6401783
20_G08,3,H2afz.1,1299.319515
20_G09,3,Padi3,661.9628674
20_G10,3,Jmjd8.1,969.4071794
20_G11,3,Mecp2.3,812.0523492
15_B02,3,Rpa3.1,654.8859545
15_B03,3,Setdb1.1,351.2952539
15_B04,3,Setdb2.1,872.523868
15_B05,3,Setd8.1,721.2146152
15_B06,3,Scml4.1,736.8089823
15_B07,3,Sin3b.1,752.4627986
15_B08,3,Sfmbt1.1,638.9047536
15_B09,3,Setd4.1,784.491379
15_B10,3,Scml2.1,797.9702161
15_B11,3,Sfmbt2.1,901.4839534
15_C02,3,Sfmbt1.2,852.2748207
15_C03,3,Setd1a.1,875.7860874
15_C04,3,Rpa3.2,708.2298831
15_C05,3,Sfmbt2.2,535.3676396
15_C06,3,Setmar.1,1077.543014
15_C07,3,Setdb2.2,745.3116822
15_C08,3,Scml4.2,740.8690198
15_C09,3,Sin3a.1,899.5473818
15_C10,3,Setdb1.2,905.2912011
15_C11,3,Setd5.1,1120.087974
15_D02,3,Scml2.2,454.5603989
15_D03,3,Sin3a.2,761.4815763
15_D04,3,Setdb1.3,663.8304447
15_D05,3,Setd2.1,654.4175371
15_D06,3,Setd1a.2,830.1410618
15_D07,3,Sin3a.3,745.4971973
15_D08,3,Setmar.2,919.287026
15_D09,3,Setd4.2,791.3784155
15_D10,3,Rpa3.3,353.9609473
15_D11,3,Sin3b.2,771.4762027
15_E02,3,Setd5.2,759.0407625
15_E03,3,Setd8.2,814.6160535
15_E04,3,Rpa3.4,604.2448888
15_E05,3,Sfmbt1.3,494.1141888
15_E06,3,Setdb2.3,766.0229467
15_E07,3,Setd2.2,830.8450093
15_E08,3,Scml2.3,863.7092471
15_E09,3,Sfmbt2.3,1149.608097
15_E10,3,Setmar.3,655.959553
15_E11,3,Setd4.3,718.1858802
15_F02,3,Scml4.3,700.8737755
15_F03,3,Sin3b.3,892.3797101
15_F04,3,Setdb2.4,974.8614781
15_F05,3,Setd2.3,1153.879115
15_F06,3,Setd1a.3,732.3487195
15_F07,3,Sfmbt1.4,760.4606193
15_F08,3,Setd8.3,267.0841651
15_F09,3,Setd5.3,759.3946995
15_F10,3,Setd1a.4,689.151879
15_F11,3,Sfmbt2.4,1565.657481
15_G02,3,Setmar.4,728.5088282
15_G03,3,Setd5.4,759.7431194
15_G04,3,Scml2.4,796.2208502
15_G05,3,Sin3b.4,804.8542902
15_G06,3,Sin3a.4,963.2865716
15_G07,3,Setd2.4,1051.521433
15_G08,3,Scml4.4,743.673006
15_G09,3,Setdb1.4,544.83809
15_G10,3,Setd4.4,318.4998879
15_G11,3,Setd8.4,429.4809168
21_B02,3,Satb1.3,1210.340003
21_B06,3,Setd7.2,1075.211127
21_B09,3,Smarcd2.3,876.2873353
21_B10,3,Setd3.1,1018.724405
21_C03,3,Smarca2.3,902.3630199
21_C04,3,Scmh1.1,959.2929002
21_C08,3,Sirt2,1087.689358
21_C11,3,Ube2a.1,936.0024913
21_D02,3,Setd3.2,1195.532497
21_D05,3,Smarcc1.2,1122.779752
21_D06,3,Smarcb1.1,581.0009426
21_D09,3,Smyd1.1,1154.393792
21_D10,3,Scmh1.2,1118.939667
21_E02,3,Ube2a.2,712.857102
21_E04,3,Scmh1.3,1118.246422
21_E07,3,Smarcc1.3,865.3240703
21_E08,3,Setd3.3,1185.844342
21_E11,3,Smyd1.2,1097.605223
21_F02,3,Smarca2.1,1070.593024
21_F05,3,Smarcd2.1,1257.33879
21_F06,3,Smarcb1.2,1134.52409
21_F10,3,Smarcc1.1,1038.519626
21_G04,3,Setd7.1,1165.058496
21_G07,3,Smarcd2.2,1171.741596
21_G08,3,Smarca2.2,926.2296366
21_G10,3,Smyd1.3,1044.292536
6_B02,1,Fbxw9.1,467.908155
6_B03,1,Hcfc1.1,481.7404135
6_B04,1,Hdac1.1,605.6897021
6_B05,1,Hat1.1,515.8184194
6_B06,1,Gadd45a.1,596.9908344
6_B07,1,Hdac6.1,539.4065782
6_B08,1,Hdac2.1,584.937737
6_B09,1,Gtf2f1.1,464.1252975
6_B10,1,Fkbp1a.1,382.1696508
6_B11,1,Hdac3.1,274.5724804
6_C02,1,Hdac2.2,546.7697251
6_C03,1,Gadd45b.1,639.3119254
6_C04,1,Fbxw9.2,417.5034269
6_C05,1,Hdac3.2,285.1424822
6_C06,1,Hdac10.1,443.8365135
6_C07,1,Hdac1.2,475.4322856
6_C08,1,Gadd45a.2,431.4540821
6_C09,1,Hdac4.1,578.5702792
6_C10,1,Hcfc1.2,358.5091812
6_C11,1,Gtf3c4.1,389.7025057
6_D02,1,Fkbp1a.2,591.9824092
6_D03,1,Hdac4.2,620.4058442
6_D04,1,Hcfc1.3,691.1566497
6_D05,1,Gtf2b.1,649.0128856
6_D06,1,Gadd45b.2,511.6066855
6_D07,1,Hdac4.3,606.8163582
6_D08,1,Hdac10.2,674.6367687
6_D09,1,Gtf2f1.2,935.2198075
6_D10,1,Fbxw9.3,818.0137657
6_D11,1,Hdac6.2,768.5216289
6_E02,1,Gtf3c4.2,617.2135111
6_E03,1,Hat1.2,728.4899028
6_E04,1,Fbxw9.4,677.7192779
6_E05,1,Hdac2.3,811.4301865
6_E06,1,Hdac1.3,893.225722
6_E07,1,Gtf2b.2,937.5147639
6_E08,1,Fkbp1a.3,609.4627004
6_E09,1,Hdac3.3,540.7803247
6_E10,1,Hdac10.3,788.2405269
6_E11,1,Gtf2f1.3,743.7945111
6_F02,1,Gadd45a.3,737.1611984
6_F03,1,Hdac6.3,938.4510285
6_F04,1,Hdac1.4,695.6076659
6_F05,1,Gtf2b.3,642.5989662
6_F06,1,Gadd45b.3,1031.701804
6_F07,1,Hdac2.4,746.4699544
6_F08,1,Hat1.3,889.9883255
6_F09,1,Gtf3c4.3,879.6698754
6_F10,1,Gadd45b.4,944.0481351
6_F11,1,Hdac3.4,381.9717397
6_G02,1,Hdac10.4,373.5791268
6_G03,1,Gtf3c4.4,613.8191347
6_G04,1,Fkbp1a.4,753.562462
6_G05,1,Hdac6.4,697.0413302
6_G06,1,Hdac4.4,674.4631268
6_G07,1,Gtf2b.4,548.5832671
6_G08,1,Gadd45a.4,692.5994386
6_G09,1,Hcfc1.4,675.4031571
6_G10,1,Gtf2f1.4,551.1430753
6_G11,1,Hat1.4,673.3904321
1_B02,1,Actl6b.1,657.2680719
1_B03,1,Asxl3.1,726.3752704
1_B04,1,Atad2.1,642.4277968
1_B05,1,Asxl2.1,786.0396033
1_B06,1,Aff4.1,719.3997128
1_B07,1,Aurkb.1,702.7692591
1_B08,1,Atm.1,780.9203555
1_B09,1,A2l.1,788.8295416
1_B10,1,Aff1.1,731.4811883
1_B11,1,Atr.1,531.4602275
1_C02,1,Atm.2,786.2341101
1_C03,1,Arid2.1,789.8546069
1_C04,1,Actl6b.2,692.6523292
1_C05,1,Atr.2,661.6382811
1_C06,1,Atad2b.1,893.5273264
1_C07,1,Atad2.2,941.089399
1_C08,1,Aff4.2,901.1277796
1_C09,1,Atrx.1,798.0976726
1_C10,1,Asxl3.2,625.6844912
1_C11,1,Asxl1.1,668.8971226
1_D02,1,Aff1.2,484.4320678
1_D03,1,Atrx.2,610.8573452
1_D04,1,Asxl3.3,668.3731693
1_D05,1,A1l.1,731.6641641
1_D06,1,Arid2.2,810.560487
1_D07,1,Atrx.3,963.0777539
1_D08,1,Atad2b.2,927.6523287
1_D09,1,A2l.2,749.9768087
1_D10,1,Actl6b.3,848.2772723
1_D11,1,Aurkb.2,683.2932748
1_E02,1,Asxl1.2,481.5385295
1_E03,1,Asxl2.2,645.176096
1_E04,1,Actl6b.4,847.0656844
1_E05,1,Atm.3,667.6203372
1_E06,1,Atad2.3,808.0024611
1_E07,1,A1l.2,828.562623
1_E08,1,Aff1.3,726.8724599
1_E09,1,Atr.3,780.6126151
1_E10,1,Atad2b.3,776.265244
1_E11,1,A2l.3,759.0884768
1_F02,1,Aff4.3,736.044145
1_F03,1,Aurkb.3,713.7298657
1_F04,1,Atad2.4,774.8968781
1_F05,1,A1l.3,910.1716285
1_F06,1,Arid2.3,810.1387033
1_F07,1,Atm.4,1010.384159
1_F08,1,Asxl2.3,895.5206473
1_F09,1,Asxl1.3,1049.219535
1_F10,1,Arid2.4,769.3099789
1_F11,1,Atr.4,866.7195322
1_G02,1,Atad2b.4,552.0003618
1_G03,1,Asxl1.4,755.9745524
1_G04,1,Aff1.4,557.64849
1_G05,1,Aurkb.4,672.5616514
1_G06,1,Atrx.4,693.030734
1_G07,1,A1l.4,692.4306126
1_G08,1,Aff4.4,718.6138071
1_G09,1,Asxl3.4,703.9221405
1_G10,1,A2l.4,661.5650543
1_G11,1,Asxl2.4,729.4344561
7_B02,1,Hdac7.1,429.6614067
7_B03,1,Ing4.1,677.2244508
7_B04,1,Ing5.1,671.9929643
7_B05,1,Ing3.1,600.6440961
7_B06,1,Hdac9.1,439.2063946
7_B07,1,Jmjd4.1,634.7002034
7_B08,1,Jarid2.1,675.7068584
7_B09,1,Hltf.1,642.4231259
7_B10,1,Hdac8.1,555.0441046
7_B11,1,Jhdm1d.1,615.1780708
7_C02,1,Jarid2.2,662.064772
7_C03,1,Hells.1,643.6365648
7_C04,1,Hdac7.2,629.8359451
7_C05,1,Jhdm1d.2,693.5545316
7_C06,1,Ino80.1,552.5045205
7_C07,1,Ing5.2,743.4149362
7_C08,1,Hdac9.2,844.5094723
7_C09,1,Jmjd1c.1,160.831168
7_C10,1,Ing4.2,550.0198616
7_C11,1,Ing2.1,851.2907383
7_D02,1,Hdac8.2,502.6247036
7_D03,1,Jmjd1c.2,659.1589504
7_D04,1,Ing4.3,617.4172071
7_D05,1,Hira.1,837.8329524
7_D06,1,Hells.2,697.1047817
7_D07,1,Jmjd1c.3,343.3796166
7_D08,1,Ino80.2,708.1450715
7_D09,1,Hltf.2,714.271005
7_D10,1,Hdac7.3,652.5905002
7_D11,1,Jmjd4.2,765.5491127
7_E02,1,Ing2.2,446.5768033
7_E03,1,Ing3.2,526.970403
7_E04,1,Hdac7.4,561.1741127
7_E05,1,Jarid2.3,621.0554285
7_E06,1,Ing5.3,822.1613933
7_E07,1,Hira.2,822.5713401
7_E08,1,Hdac8.3,687.8496237
7_E09,1,Jhdm1d.3,525.6455417
7_E10,1,Ino80.3,440.9260653
7_E11,1,Hltf.3,750.9449826
7_F02,1,Hdac9.3,452.0024261
7_F03,1,Jmjd4.3,655.8602614
7_F04,1,Ing5.4,637.4944406
7_F05,1,Hira.3,593.865679
7_F06,1,Hells.3,624.5030484
7_F07,1,Jarid2.4,559.9967005
7_F08,1,Ing3.3,711.4016797
7_F09,1,Ing2.3,748.0164511
7_F10,1,Hells.4,696.927147
7_F11,1,Jhdm1d.4,620.1016094
7_G02,1,Ino80.4,639.8493
7_G03,1,Ing2.4,459.7367745
7_G04,1,Hdac8.4,502.1449553
7_G05,1,Jmjd4.4,536.5555252
7_G06,1,Jmjd1c.4,604.0227503
7_G07,1,Hira.4,664.4256947
7_G08,1,Hdac9.4,407.7415724
7_G09,1,Ing4.4,440.8932917
7_G10,1,Hltf.4,508.7559929
7_G11,1,Ing3.4,707.36786
control1_B02,1,Bptf.1,535.7695761
control1_B03,1,Bptf.2,575.6388337
control1_B04,1,Bptf.3,415.8943377
control1_B05,1,Bptf.4,542.1068442
control1_B06,1,Whsc1.1,521.2998391
control1_B07,1,Whsc1.2,542.7372288
control1_B08,1,Whsc1.3,406.9608697
control1_B09,1,Whsc1.4,482.331612
control1_B10,1,Cd4.1,520.8797934
control1_B11,1,Cd4.1,433.8690132
control1_C02,1,Mll2.1,487.9925883
control1_C03,1,Mll2.2,433.2933146
control1_C04,1,Mll2.3,662.6104798
control1_C05,1,Mll2.4,417.1860855
control1_C06,1,Brd8.1,816.6199618
control1_C07,1,Brd8.2,602.5453782
control1_C08,1,Brd8.3,786.4748877
control1_C09,1,Brd8.4,804.3020214
control1_C10,1,Cd4.2,866.0063925
control1_C11,1,Cd4.2,748.3678789
control1_D02,1,Ncor1.1,409.6193435
control1_D03,1,Ncor1.2,46.96857854
control1_D04,1,Ncor1.3,438.3639329
control1_D05,1,Ncor1.4,569.2152214
control1_D06,1,Cxxcl.1,399.8018101
control1_D07,1,Cxxcl.2,644.1232235
control1_D08,1,Cxxcl.3,408.2976654
control1_D09,1,Cxxcl.4,387.3793929
control1_D10,1,Cd4.3,697.3077576
control1_D11,1,Cd4.3,507.2948871
control1_E02,1,Smarca4.1,500.8580504
control1_E03,1,Smarca4.2,435.2518283
control1_E04,1,Smarca4.3,522.4411252
control1_E05,1,Smarca4.4,567.5773442
control1_E06,1,Klf2.1,471.5049828
control1_E07,1,Klf2.2,777.169222
control1_E08,1,Klf2.3,723.282691
control1_E09,1,Klf2.4,640.4464934
control1_E10,1,Cd4.4,690.2553567
control1_E11,1,Cd4.4,687.8589875
control1_F02,1,Runx3.1,688.9739311
control1_F03,1,Runx3.2,588.8751998
control1_F04,1,Runx3.3,676.9995692
control1_F05,1,Empty,197.9026087
control1_F06,1,Sp140.1,710.0679171
control1_F07,1,Sp140.2,595.2274372
control1_F08,1,Sp140.3,698.0932297
control1_F09,1,Sp140.4,766.4737052
control1_F10,1,Empty,218.5593452
control1_F11,1,Empty,273.5555572
control1_G02,1,Smarce1.1,346.3510307
control1_G03,1,Smarce1.2,363.7756439
control1_G04,1,Smarce1.3,453.4109284
control1_G05,1,Smarce1.4,580.0508221
control1_G06,1,Wdr82.1,309.0450942
control1_G07,1,Wdr82.2,294.0606939
control1_G08,1,Wdr82.3,379.9730399
control1_G09,1,Wdr82.4,245.7615644
control1_G10,1,Empty,178.0837278
control1_G11,1,Empty,58.01816454
2_B02,1,Baz1a.1,402.48015
2_B03,1,Brd2.1,322.7536308
2_B04,1,Brd3.1,650.7046893
2_B05,1,Brd1.1,420.8701618
2_B06,1,Baz2a.1,579.0275643
2_B07,1,Brpf3.1,426.0068177
2_B08,1,Brd8.1,620.9180294
2_B09,1,Bop1.1,466.4226427
2_B10,1,Baz1b.1,392.0809479
2_B11,1,Brd9.1,721.9114118
2_C02,1,Brd8.2,434.2352282
2_C03,1,Baz2b.1,538.3397691
2_C04,1,Baz1a.2,691.4803673
2_C05,1,Brd9.2,399.8171647
2_C06,1,Brd4.1,1033.431597
2_C07,1,Brd3.2,681.0737533
2_C08,1,Baz2a.2,715.5013613
2_C09,1,Brpf1.1,476.8863129
2_C10,1,Brd2.2,691.8777819
2_C11,1,Bptf.1,561.3118516
2_D02,1,Baz1b.2,454.7900515
2_D03,1,Brpf1.2,495.5696131
2_D04,1,Brd2.3,472.5978373
2_D05,1,Bmi1.1,644.9699932
2_D06,1,Baz2b.2,690.0263836
2_D07,1,Brpf1.3,579.7330755
2_D08,1,Brd4.2,1030.510978
2_D09,1,Bop1.2,588.5876382
2_D10,1,Baz1a.3,490.7746085
2_D11,1,Brpf3.2,639.7942325
2_E02,1,Bptf.2,629.712652
2_E03,1,Brd1.2,697.7616261
2_E04,1,Baz1a.4,465.7044643
2_E05,1,Brd8.3,956.2315896
2_E06,1,Brd3.3,956.661628
2_E07,1,Bmi1.2,832.9954778
2_E08,1,Baz1b.3,454.9249147
2_E09,1,Brd9.3,491.1159211
2_E10,1,Brd4.3,882.8572985
2_E11,1,Bop1.3,360.6504336
2_F02,1,Baz2a.3,334.9457427
2_F03,1,Brpf3.3,658.4251481
2_F04,1,Brd3.4,548.7475446
2_F05,1,Bmi1.3,619.9975141
2_F06,1,Baz2b.3,685.0767615
2_F07,1,Brd8.4,433.4653295
2_F08,1,Brd1.3,631.344408
2_F09,1,Bptf.3,456.9925608
2_F10,1,Baz2b.4,614.0971253
2_F11,1,Brd9.4,390.5453155
2_G02,1,Brd4.4,832.0300428
2_G03,1,Bptf.4,644.7152049
2_G04,1,Baz1b.4,664.8568375
2_G05,1,Brpf3.4,584.6657145
2_G06,1,Brpf1.4,560.9236039
2_G07,1,Bmi1.4,541.9294453
2_G08,1,Baz2a.4,482.5974984
2_G09,1,Brd2.4,677.7407526
2_G10,1,Bop1.4,785.8073501
2_G11,1,Brd1.4,529.0240377
5_B02,1,Dub2a.1,571.1454224
5_B03,1,Epc1.1,827.4060719
5_B04,1,Epc2.1,668.2258843
5_B05,1,Ep400.1,533.5788221
5_B06,1,Ehmt1.1,629.4643985
5_B07,1,Fbxo44.1,648.7277339
5_B08,1,Ezh1.1,428.857967
5_B09,1,Elp4.1,524.3416107
5_B10,1,Eed.1,623.6957525
5_B11,1,Ezh2.1,660.1598638
5_C02,1,Ezh1.2,379.0126514
5_C03,1,Ehmt2.1,627.875312
5_C04,1,Dub2a.2,579.392875
5_C05,1,Ezh2.2,672.0465668
5_C06,1,Ercc5.1,613.7429214
5_C07,1,Epc2.2,503.2258774
5_C08,1,Ehmt1.2,525.8113786
5_C09,1,Fbxl19.1,622.3541652
5_C10,1,Epc1.2,513.0499313
5_C11,1,Ep300.1,561.6563854
5_D02,1,Eed.2,664.1920407
5_D03,1,Fbxl19.2,746.4605472
5_D04,1,Epc1.3,737.6848791
5_D05,1,Elp3.1,639.212132
5_D06,1,Ehmt2.2,844.220857
5_D07,1,Fbxl19.3,754.7268978
5_D08,1,Ercc5.2,834.4049003
5_D09,1,Elp4.2,768.1113801
5_D10,1,Dub2a.3,612.8063374
5_D11,1,Fbxo44.2,590.3027589
5_E02,1,Ep300.2,631.3761483
5_E03,1,Ep400.2,726.394009
5_E04,1,Dub2a.4,719.7827277
5_E05,1,Ezh1.3,848.0978729
5_E06,1,Epc2.3,771.2661529
5_E07,1,Elp3.2,691.9052735
5_E08,1,Eed.3,835.6053728
5_E09,1,Ezh2.3,653.8348507
5_E10,1,Ercc5.3,465.7093429
5_E11,1,Elp4.3,556.5787363
5_F02,1,Ehmt1.3,747.9520429
5_F03,1,Fbxo44.3,747.5771146
5_F04,1,Epc2.4,933.4573898
5_F05,1,Elp3.3,1283.423295
5_F06,1,Ehmt2.3,878.1756209
5_F07,1,Ezh1.4,750.5666586
5_F08,1,Ep400.3,930.9064546
5_F09,1,Ep300.3,447.0916517
5_F10,1,Ehmt2.4,642.4863261
5_F11,1,Ezh2.4,450.1660542
5_G02,1,Ercc5.4,600.3358456
5_G03,1,Ep300.4,1262.285428
5_G04,1,Eed.4,495.080702
5_G05,1,Fbxo44.4,630.8589735
5_G06,1,Fbxl19.4,672.7898105
5_G07,1,Elp3.4,465.1136488
5_G08,1,Ehmt1.4,586.5493104
5_G09,1,Epc1.4,386.9971779
5_G10,1,Elp4.4,622.0087079
5_G11,1,Ep400.4,609.2418161
4_B02,1,Chd3.1,335.3424968
4_B03,1,Cxxc1.1,247.9588281
4_B04,1,Dmap1.1,335.5678523
4_B05,1,Ctsl.1,307.4964191
4_B06,1,Chd5.1,401.9911418
4_B07,1,Dot1l.1,646.2875757
4_B08,1,Dnmt3a.1,272.8462828
4_B09,1,Chd9.1,282.0961841
4_B10,1,Chd4.1,218.4177494
4_B11,1,Dnmt3b.1,308.1535403
4_C02,1,Dnmt3a.2,390.9180164
4_C03,1,Chd6.1,531.1539204
4_C04,1,Chd3.2,494.5114888
4_C05,1,Dnmt3b.2,347.4448911
4_C06,1,Dnmt1.1,245.9740257
4_C07,1,Dmap1.2,407.7454609
4_C08,1,Chd5.2,486.4758092
4_C09,1,Dnmt3l.1,479.5680383
4_C10,1,Cxxc1.2,469.8487967
4_C11,1,Crebbp.1,443.3411187
4_D02,1,Chd4.2,462.7067055
4_D03,1,Dnmt3l.2,369.0758495
4_D04,1,Cxxc1.3,361.9993251
4_D05,1,Chd8.1,507.4696457
4_D06,1,Chd6.2,529.0465776
4_D07,1,Dnmt3l.3,499.6497096
4_D08,1,Dnmt1.2,597.6139665
4_D09,1,Chd9.2,619.3877203
4_D10,1,Chd3.3,667.0102104
4_D11,1,Dot1l.2,660.7869228
4_E02,1,Crebbp.2,499.2089274
4_E03,1,Ctsl.2,674.3105288
4_E04,1,Chd3.4,618.8811093
4_E05,1,Dnmt3a.3,474.8698597
4_E06,1,Dmap1.3,633.5183623
4_E07,1,Chd8.2,569.5410352
4_E08,1,Chd4.3,560.7604924
4_E09,1,Dnmt3b.3,594.9626324
4_E10,1,Dnmt1.3,692.6285723
4_E11,1,Chd9.3,430.3186949
4_F02,1,Chd5.3,545.9178981
4_F03,1,Dot1l.3,441.9927913
4_F04,1,Dmap1.4,465.5515615
4_F05,1,Chd8.3,479.6564716
4_F06,1,Chd6.3,531.0866308
4_F07,1,Dnmt3a.4,640.1788233
4_F08,1,Ctsl.3,573.7954631
4_F09,1,Crebbp.3,712.1094631
4_F10,1,Chd6.4,575.7337298
4_F11,1,Dnmt3b.4,770.5900268
4_G02,1,Dnmt1.4,406.7551781
4_G03,1,Crebbp.4,484.3130622
4_G04,1,Chd4.4,574.2129186
4_G05,1,Dot1l.4,613.4929771
4_G06,1,Dnmt3l.4,340.8044288
4_G07,1,Chd8.4,655.4406714
4_G08,1,Chd5.4,602.8681205
4_G09,1,Cxxc1.4,296.9929573
4_G10,1,Chd9.4,527.9912465
4_G11,1,Ctsl.4,388.2423016
3_B02,1,Brwd1.1,909.2227378
3_B03,1,Cbx7.1,875.7097748
3_B04,1,Cbx8.1,905.0081307
3_B05,1,Cbx6.1,721.0764902
3_B06,1,Carm1.1,769.2822992
3_B07,1,Chd2.1,768.6944887
3_B08,1,Chaf1b.1,917.4722765
3_B09,1,Cbx4.1,816.4913153
3_B10,1,Brwd3.1,592.1515423
3_B11,1,Chd1.1,760.6465145
3_C02,1,Chaf1b.2,789.403821
3_C03,1,Cbx1.1,939.4111825
3_C04,1,Brwd1.2,919.9789006
3_C05,1,Chd1.2,1107.367676
3_C06,1,Chaf1a.1,669.8991615
3_C07,1,Cbx8.2,918.8344811
3_C08,1,Carm1.2,921.3220354
3_C09,1,Chd1l.1,684.3311706
3_C10,1,Cbx7.2,717.37525
3_C11,1,Cbx5.1,725.8381212
3_D02,1,Brwd3.2,745.6569362
3_D03,1,Chd1l.2,1045.801577
3_D04,1,Cbx7.3,944.6263898
3_D05,1,Cbx3.1,861.2070858
3_D06,1,Cbx1.2,990.6497498
3_D07,1,Chd1l.3,833.2960629
3_D08,1,Chaf1a.2,750.5864913
3_D09,1,Cbx4.2,1000.624409
3_D10,1,Brwd1.3,794.748243
3_D11,1,Chd2.2,850.6918244
3_E02,1,Cbx5.2,847.4108858
3_E03,1,Cbx6.2,958.7392857
3_E04,1,Brwd1.4,949.4384908
3_E05,1,Chaf1b.3,970.9884784
3_E06,1,Cbx8.3,831.7653085
3_E07,1,Cbx3.2,822.5981467
3_E08,1,Brwd3.3,769.1712722
3_E09,1,Chd1.3,896.2080113
3_E10,1,Chaf1a.3,655.1431205
3_E11,1,Cbx4.3,793.0104966
3_F02,1,Carm1.3,930.7883499
3_F03,1,Chd2.3,979.1193971
3_F04,1,Cbx8.4,788.9241423
3_F05,1,Cbx3.3,863.3378809
3_F06,1,Cbx1.3,974.8153976
3_F07,1,Chaf1b.4,871.323361
3_F08,1,Cbx6.3,914.3328152
3_F09,1,Cbx5.3,1033.622076
3_F10,1,Cbx1.4,1118.509203
3_F11,1,Chd1.4,794.6073461
3_G02,1,Chaf1a.4,920.8564642
3_G03,1,Cbx5.4,899.4555483
3_G04,1,Brwd3.4,332.0739803
3_G05,1,Chd2.4,810.1450438
3_G06,1,Chd1l.4,756.7887522
3_G07,1,Cbx3.4,679.9316721
3_G08,1,Carm1.4,818.6132914
3_G09,1,Cbx7.4,1021.759393
3_G10,1,Cbx4.4,911.5580201
3_G11,1,Cbx6.4,751.0027582
