"Position","Pool","shRNA","GeoMean","precentile","z"
"control1_B02",1,"Bptf.1",143.5500648,41.7567241731063,-0.208121009045414
"control1_B03",1,"Bptf.2",162.9666646,45.065139791409,-0.124015761124237
"control1_B04",1,"Bptf.3",107.6537032,35.8074535281812,-0.363610251391347
"control1_B05",1,"Bptf.4",121.7549516,38.1124390892702,-0.302529062877584
"control1_B06",1,"Whsc1.1",113.2780255,36.7211513034542,-0.339247848792407
"control1_B07",1,"Whsc1.2",119.2956011,37.7071187355588,-0.313182024037527
"control1_B08",1,"Whsc1.3",85.55576826,32.2998599255899,-0.45933001261724
"control1_B09",1,"Whsc1.4",109.7852641,36.152812873076,-0.354377148798709
"control1_B10",1,"Cd4.1",109.1097868,36.0432470896258,-0.357303056855053
"control1_B11",1,"Cd4.1",418.4831719,83.7143009037409,0.982783545437131
"control1_C02",1,"Mll2.1",101.5729967,34.8286931976708,-0.389949534941828
"control1_C03",1,"Mll2.2",80.09361272,31.4551428559285,-0.482989971137667
"control1_C04",1,"Mll2.3",136.1888483,40.5162426703689,-0.240006969775467
"control1_C05",1,"Mll2.4",93.9262437,33.6121244852002,-0.423072330049187
"control1_C06",1,"Brd8.1",142.8189036,41.633122691322,-0.211288118355476
"control1_C07",1,"Brd8.2",128.1472047,39.1719475478333,-0.274840279193099
"control1_C08",1,"Brd8.3",181.6226741,48.2769020609031,-0.043205098063791
"control1_C09",1,"Brd8.4",144.4089627,41.9020233236489,-0.204400593444198
"control1_C10",1,"Cd4.2",199.6708505,51.3949231393593,0.034972665616909
"control1_C11",1,"Cd4.2",888.0959358,99.872340587506,3.01696555163774
"control1_D02",1,"Ncor1.1",74.22517206,30.5582990519142,-0.508409800649733
"control1_D03",1,"Ncor1.2",140.6751536,41.2712066147939,-0.220574019444658
"control1_D04",1,"Ncor1.3",75.14318631,30.6978455696289,-0.504433315740597
"control1_D05",1,"Ncor1.4",96.10903318,33.9577191589766,-0.413617324936751
"control1_D06",1,"Cxxcl.1",106.8104203,35.6711414406533,-0.3672630288139
"control1_D07",1,"Cxxcl.2",157.3391192,44.1016657322473,-0.148392124953638
"control1_D08",1,"Cxxcl.3",107.8350769,35.8367953261167,-0.362824610230587
"control1_D09",1,"Cxxcl.4",114.3178692,36.8909237271474,-0.334743645528776
"control1_D10",1,"Cd4.3",141.1232489,41.346795549637,-0.218633042822231
"control1_D11",1,"Cd4.3",497.6852694,90.7556398218233,1.32585659194009
"control1_E02",1,"Smarca4.1",170.5026157,46.3598140301658,-0.0913729172630084
"control1_E03",1,"Smarca4.2",121.4225257,38.0575752815356,-0.303969004114613
"control1_E04",1,"Smarca4.3",135.8109423,40.4528046155301,-0.241643913326258
"control1_E05",1,"Smarca4.4",115.1730731,37.0307426303365,-0.331039230915839
"control1_E06",1,"Klf2.1",110.077891,36.200313749041,-0.353109601533667
"control1_E07",1,"Klf2.2",139.6951062,41.1059961321905,-0.224819208118295
"control1_E08",1,"Klf2.3",134.6607944,40.2598874502648,-0.246625911990901
"control1_E09",1,"Klf2.4",167.5695989,45.8553876002018,-0.104077618789636
"control1_E10",1,"Cd4.4",128.6679083,39.2586202067802,-0.272584791320735
"control1_E11",1,"Cd4.4",663.7043708,97.9571956381386,2.04498753282181
"control1_F02",1,"Runx3.1",83.51247112,31.9827654027433,-0.468180790524108
"control1_F03",1,"Runx3.2",297.847357,67.7326425165943,0.460235559443329
"control1_F04",1,"Runx3.3",310.6970109,69.7036239104129,0.51589532161038
"control1_F05",1,"Empty",151.9157856,43.1764393521828,-0.171883921750482
"control1_F06",1,"Sp140.1",135.916322,40.4704919041411,-0.241187448966604
"control1_F07",1,"Sp140.2",100.1338798,34.5984928608048,-0.39618323625456
"control1_F08",1,"Sp140.3",114.6300135,36.9419367990662,-0.333391556388087
"control1_F09",1,"Sp140.4",151.187088,43.0523960332081,-0.175040359692185
"control1_F10",1,"Empty",92.33585355,33.3611900450979,-0.429961288941833
"control1_F11",1,"Empty",228.9545159,56.4275509284225,0.161818249492402
"control1_G02",1,"Smarce1.1",83.0380894,31.9093340506677,-0.470235629815273
"control1_G03",1,"Smarce1.2",187.0343159,49.2115839732229,-0.0197639456510189
"control1_G04",1,"Smarce1.3",214.8839019,54.0173074645452,0.100869757425672
"control1_G05",1,"Smarce1.4",139.3039193,41.0400960528651,-0.226513679423617
"control1_G06",1,"Wdr82.1",85.29812553,32.2598053744913,-0.460446021903363
"control1_G07",1,"Wdr82.2",75.5176878,30.7548537635546,-0.502811119218666
"control1_G08",1,"Wdr82.3",94.10977929,33.6411303647643,-0.42227732441183
"control1_G09",1,"Wdr82.4",81.14981486,31.6177461990916,-0.478414909399021
"control1_G10",1,"Empty",288.863482,66.3239602156599,0.421320865730177
"control1_G11",1,"Empty",1592.965078,99.9999999361196,6.07018777217906
"1_B02",1,"Actl6b.1",161.4561854,44.8062256662041,-0.130558576493784
"1_B03",1,"Asxl3.1",141.6335289,41.4329134414428,-0.216422705978948
"1_B04",1,"Atad2.1",134.464023,40.2269061007703,-0.247478250070239
"1_B05",1,"Asxl2.1",142.059201,41.5047839410342,-0.214578858040978
"1_B06",1,"Aff4.1",160.8669031,44.7052750089797,-0.133111120937588
"1_B07",1,"Aurkb.1",136.4698196,40.5634247260467,-0.238789910090009
"1_B08",1,"Atm.1",151.3141279,43.0740166369636,-0.17449007167083
"1_B09",1,"A2l.1",166.7777728,45.7193185799254,-0.107507505131062
"1_B10",1,"Aff1.1",171.4970498,46.5309759511606,-0.0870654109342344
"1_B11",1,"Atr.1",146.9106784,42.3258596452497,-0.193564122520139
"1_C02",1,"Atm.2",152.2301212,43.2299683142092,-0.170522340740379
"1_C03",1,"Arid2.1",161.4786071,44.8100674231013,-0.130461454306751
"1_C04",1,"Actl6b.2",129.8438286,39.4545511130327,-0.267491156524438
"1_C05",1,"Atr.2",119.5852132,37.7547797671782,-0.311927535727403
"1_C06",1,"Atad2b.1",150.0367447,42.8567175521412,-0.18002320475453
"1_C07",1,"Atad2.2",175.1274856,47.1563676620987,-0.0713397583397511
"1_C08",1,"Aff4.2",157.9680691,44.2091838508862,-0.145667755712145
"1_C09",1,"Atrx.1",144.7919527,41.9668492194769,-0.202741627959349
"1_C10",1,"Asxl3.2",129.95239,39.4726530688582,-0.267020910263212
"1_C11",1,"Asxl1.1",140.2866997,41.2057047250439,-0.222256652444358
"1_D02",1,"Aff1.2",88.19063555,32.7106628807043,-0.447916780179661
"1_D03",1,"Atrx.2",139.0336574,40.9945819863096,-0.227684350104234
"1_D04",1,"Asxl3.3",121.1703197,38.0159670348708,-0.305061463575884
"1_D05",1,"A1l.1",128.192372,39.1794636572824,-0.274644631808719
"1_D06",1,"Arid2.2",167.1447817,45.7823800004849,-0.105917763629371
"1_D07",1,"Atrx.3",157.5353844,44.1352123696506,-0.147541979538152
"1_D08",1,"Atad2b.2",162.238896,44.9403646758406,-0.127168174994983
"1_D09",1,"A2l.2",180.8864107,48.1497986536743,-0.0463943081433173
"1_D10",1,"Actl6b.3",161.1414074,44.7522964421805,-0.131922073810659
"1_D11",1,"Aurkb.2",177.4743799,47.5610352126354,-0.0611739142177387
"1_E02",1,"Asxl1.2",84.13689785,32.0795304996069,-0.465476013916658
"1_E03",1,"Asxl2.2",148.5732616,42.608026812792,-0.186362451080962
"1_E04",1,"Actl6b.4",149.3925446,42.7472126039813,-0.182813632001289
"1_E05",1,"Atm.3",125.7938764,38.7809049529479,-0.285033992930322
"1_E06",1,"Atad2.3",153.0094069,43.3627281427718,-0.167146774592081
"1_E07",1,"A1l.2",183.5104437,48.6028704631609,-0.0350280056860586
"1_E08",1,"Aff1.3",139.4923265,41.0718323375783,-0.225697571844053
"1_E09",1,"Atr.3",197.6187852,51.0404793638902,0.026083907410802
"1_E10",1,"Atad2b.3",180.0783941,48.0103299630909,-0.0498943255082231
"1_E11",1,"A2l.3",172.0933196,46.6336368551867,-0.0844825993259471
"1_F02",1,"Aff4.3",132.5103389,39.8998252186819,-0.255940858728947
"1_F03",1,"Aurkb.3",132.2487995,39.8560921790091,-0.257073746891897
"1_F04",1,"Atad2.4",488.4068342,90.0720169915878,1.28566597664932
"1_F05",1,"A1l.3",196.2787107,50.8089683675946,0.0202792197097481
"1_F06",1,"Arid2.3",173.0046202,46.7905802638201,-0.0805351953683439
"1_F07",1,"Atm.4",214.7501548,53.9943117127959,0.100290416391705
"1_F08",1,"Asxl2.3",150.7948303,42.9856518430953,-0.176739469291564
"1_F09",1,"Asxl1.3",434.5019173,85.3639355840544,1.05217059400025
"1_F10",1,"Arid2.4",178.8162862,47.792531656923,-0.0553612918631034
"1_F11",1,"Atr.4",141.3835421,41.3907190067511,-0.217505552718727
"1_G02",1,"Atad2b.4",102.2435296,34.936143063966,-0.387045044125995
"1_G03",1,"Asxl1.4",157.7162007,44.1661221280058,-0.146758752819966
"1_G04",1,"Aff1.4",167.0964677,45.7740778217643,-0.106127041308776
"1_G05",1,"Aurkb.4",113.3737476,36.7367688011634,-0.338833217444232
"1_G06",1,"Atrx.4",120.3128957,37.8746155586046,-0.308775494808765
"1_G07",1,"A1l.4",115.4927139,37.0830454467195,-0.329654669818292
"1_G08",1,"Aff4.4",113.7753969,36.8023236110118,-0.337093427043141
"1_G09",1,"Asxl3.4",135.0755643,40.3294307610566,-0.244829288193271
"1_G10",1,"A2l.4",145.1215658,42.0226578672268,-0.201313870690871
"1_G11",1,"Asxl2.4",128.1927235,39.1795221505734,-0.274643109245811
"2_B02",1,"Baz1a.1",100.5042039,34.657675741145,-0.394579134580605
"2_B03",1,"Brd2.1",81.31729617,31.6435629046289,-0.477689444732457
"2_B04",1,"Brd3.1",129.6932814,39.429452048147,-0.268143269134796
"2_B05",1,"Brd1.1",91.1964733,33.181872451092,-0.434896646285024
"2_B06",1,"Baz2a.1",107.7493643,35.8229280948472,-0.363195884271728
"2_B07",1,"Brpf3.1",90.26146469,33.0350062639417,-0.438946744230211
"2_B08",1,"Brd8.1",48.98016085,26.8366287097007,-0.61776148675648
"2_B09",1,"Bop1.1",82.28359447,31.7926891041669,-0.473503811875807
"2_B10",1,"Baz1b.1",84.04271703,32.0649278265411,-0.465883969032235
"2_B11",1,"Brd9.1",41.80473059,25.8220029550368,-0.648842692898372
"2_C02",1,"Brd8.2",107.0236301,35.7055884445931,-0.366339485903559
"2_C03",1,"Baz2b.1",96.99863488,34.0989570611049,-0.409763912274375
"2_C04",1,"Baz1a.2",121.4754921,38.0663152887365,-0.303739574026473
"2_C05",1,"Brd9.2",83.75146417,32.0197868349262,-0.467145564484084
"2_C06",1,"Brd4.1",140.6270284,41.2630903221282,-0.220782479315024
"2_C07",1,"Brd3.2",105.8289731,35.5127260627485,-0.37151428088315
"2_C08",1,"Baz2a.2",114.0599533,36.8487904988645,-0.335860838082351
"2_C09",1,"Brpf1.1",118.2872873,37.5413285298806,-0.317549651892294
"2_C10",1,"Brd2.2",96.41551598,34.0063526904628,-0.412289759238169
"2_C11",1,"Bptf.1",134.1519432,40.1746118942796,-0.248830059821717
"2_D02",1,"Baz1b.2",100.8747603,34.7169332528166,-0.392974026672331
"2_D03",1,"Brpf1.2",100.7233116,34.6927098149137,-0.393630044234213
"2_D04",1,"Brd2.3",77.39897753,31.0419331101856,-0.494662095147355
"2_D05",1,"Bmi1.1",127.2394616,39.0209796923252,-0.278772273427962
"2_D06",1,"Baz2b.2",108.0482065,35.8712851356283,-0.361901414715822
"2_D07",1,"Brpf1.3",96.76669556,34.0621115596741,-0.41076858426701
"2_D08",1,"Brd4.2",118.1024815,37.5109669973908,-0.31835015959119
"2_D09",1,"Bop1.2",133.1415302,40.0054213525876,-0.253206780604095
"2_D10",1,"Baz1a.3",113.6873585,36.7879512099466,-0.337474775556004
"2_D11",1,"Brpf3.2",129.299003,39.3637392056019,-0.269851131629956
"2_E02",1,"Bptf.2",114.4184853,36.9073646829248,-0.33430781525352
"2_E03",1,"Brd1.2",138.2730622,40.8665575272047,-0.230978956189882
"2_E04",1,"Baz1a.4",87.8129761,32.6516516173019,-0.449552655770609
"2_E05",1,"Brd8.3",125.6491358,38.7568906754478,-0.285660953581139
"2_E06",1,"Brd3.3",142.1449435,41.5192641581388,-0.214207454484528
"2_E07",1,"Bmi1.2",145.4541166,42.0789801715079,-0.199873388435045
"2_E08",1,"Baz1b.3",96.33546061,33.993646712691,-0.412636528333202
"2_E09",1,"Brd9.3",97.95777754,34.2514856465132,-0.405609274900066
"2_E10",1,"Brd4.3",159.7961915,44.521938336978,-0.13774903208051
"2_E11",1,"Bop1.3",90.69696403,33.1033798507202,-0.437060328465479
"2_F02",1,"Baz2a.3",102.5732377,34.9890216692372,-0.385616875354029
"2_F03",1,"Brpf3.3",122.0625218,38.1632219877464,-0.301196786980124
"2_F04",1,"Brd3.4",233.1640079,57.1444186712499,0.180052150995703
"2_F05",1,"Bmi1.3",113.5774273,36.7700073732353,-0.337950955264373
"2_F06",1,"Baz2b.3",134.5699036,40.2446521515214,-0.247019616004297
"2_F07",1,"Brd8.4",91.87900204,33.2892440340768,-0.431940194100691
"2_F08",1,"Brd1.3",112.3839704,36.5753885236049,-0.343120551872
"2_F09",1,"Bptf.3",125.0289441,38.6540419081104,-0.288347385666285
"2_F10",1,"Baz2b.4",117.7954005,37.4605341292097,-0.319680316462265
"2_F11",1,"Brd9.4",87.64424481,32.6253004844819,-0.450283534870126
"2_G02",1,"Brd4.4",144.9432392,41.9924623887779,-0.202086312985528
"2_G03",1,"Bptf.4",146.1655583,42.199527467717,-0.196791696420155
"2_G04",1,"Baz1b.4",92.04296472,33.315058188485,-0.431229970786967
"2_G05",1,"Brpf3.4",120.3565818,37.8818135715605,-0.308586263413513
"2_G06",1,"Brpf1.4",114.764315,36.9638924863239,-0.332809813906394
"2_G07",1,"Bmi1.4",102.5842626,34.9907903471947,-0.385569119724446
"2_G08",1,"Baz2a.4",102.7480724,35.0170734937155,-0.384859558628125
"2_G09",1,"Brd2.4",116.678908,37.2773503764276,-0.324516532868941
"2_G10",1,"Bop1.4",124.5606671,38.5764384677426,-0.290375781656647
"2_G11",1,"Brd1.4",122.9565444,38.3109494404435,-0.29732422467804
"4_B02",1,"Chd3.1",114.9869007,37.0002902843585,-0.331845658200707
"4_B03",1,"Cxxc1.1",71.71231787,30.1777687393675,-0.519294519231599
"4_B04",1,"Dmap1.1",85.7856882,32.3356218828988,-0.458334087802653
"4_B05",1,"Ctsl.1",75.71844093,30.7854324092962,-0.501941533815273
"4_B06",1,"Chd5.1",102.4256222,34.9653434794385,-0.386256288966731
"4_B07",1,"Dot1l.1",120.7160571,37.9410590559193,-0.307029154571622
"4_B08",1,"Dnmt3a.1",66.11861439,29.3384434742904,-0.543524292870078
"4_B09",1,"Chd9.1",79.51623474,31.3664065161658,-0.485490950642437
"4_B10",1,"Chd4.1",73.66132044,30.4727280851671,-0.51085218916159
"4_B11",1,"Dnmt3b.1",68.22931039,29.6538784014367,-0.534381569005201
"4_C02",1,"Dnmt3a.2",92.68043973,33.4154967866326,-0.428468674045423
"4_C03",1,"Chd6.1",122.2477203,38.1938099382465,-0.300394578255755
"4_C04",1,"Chd3.2",116.2796052,37.2119060119439,-0.326246159133867
"4_C05",1,"Dnmt3b.2",99.08489129,34.4310546051474,-0.400727051320471
"4_C06",1,"Dnmt1.1",76.53669292,30.9102061770736,-0.49839718067467
"4_C07",1,"Dmap1.2",106.8982967,35.685337679659,-0.366882382022775
"4_C08",1,"Chd5.2",117.8467449,37.4689650892006,-0.319457912254739
"4_C09",1,"Dnmt3l.1",85.75059378,32.3301622081692,-0.458486103342199
"4_C10",1,"Cxxc1.2",157.4704726,44.1241168506653,-0.147823152508098
"4_C11",1,"Crebbp.1",84.34170567,32.1112953849514,-0.46458886515453
"4_D02",1,"Chd4.2",102.5431275,34.9841913834873,-0.385747301168128
"4_D03",1,"Dnmt3l.2",109.6919581,36.1376713904257,-0.354781314530267
"4_D04",1,"Cxxc1.3",84.06639493,32.0685988080112,-0.465781405469599
"4_D05",1,"Chd8.1",128.8795805,39.2938689340858,-0.271667908702645
"4_D06",1,"Chd6.2",97.90024073,34.2423285248503,-0.405858502247773
"4_D07",1,"Dnmt3l.3",97.21517735,34.1333703390547,-0.408825933518444
"4_D08",1,"Dnmt1.2",123.9672886,38.4781687268631,-0.292946069264552
"4_D09",1,"Chd9.2",139.3266717,41.0439282739431,-0.226415124771283
"4_D10",1,"Chd3.3",130.6426384,39.5878008258868,-0.264031019478669
"4_D11",1,"Dot1l.2",153.3232381,43.4162139601433,-0.165787378448921
"4_E02",1,"Crebbp.2",113.0862356,36.6898665176794,-0.340078608928292
"4_E03",1,"Ctsl.2",135.9164797,40.4705183745077,-0.241186765870813
"4_E04",1,"Chd3.4",114.9830056,36.9996532471655,-0.331862530276897
"4_E05",1,"Dnmt3a.3",110.6013975,36.2853453328262,-0.350841972575746
"4_E06",1,"Dmap1.3",167.8917021,45.910752464711,-0.102682391521667
"4_E07",1,"Chd8.2",158.5540787,44.3093998066262,-0.143129387346939
"4_E08",1,"Chd4.3",116.1785822,37.1953545322921,-0.326683751943538
"4_E09",1,"Dnmt3b.3",133.5084313,40.0668363010405,-0.251617506050573
"4_E10",1,"Dnmt1.3",153.0849947,43.3756093596947,-0.16681935729326
"4_E11",1,"Chd9.3",92.38788253,33.3693875754953,-0.429735919396853
"4_F02",1,"Chd5.3",110.202711,36.2205817208164,-0.352568929265935
"4_F03",1,"Dot1l.3",115.6443027,37.1078582710776,-0.328998045397055
"4_F04",1,"Dmap1.4",109.37923,36.0869384394858,-0.356135932468183
"4_F05",1,"Chd8.3",110.3634729,36.2466915442988,-0.351872570501009
"4_F06",1,"Chd6.3",111.0549655,36.3590717488231,-0.348877290320251
"4_F07",1,"Dnmt3a.4",121.0411108,37.9946558768551,-0.305621146871623
"4_F08",1,"Ctsl.3",143.6617215,41.7756067394131,-0.207637355134209
"4_F09",1,"Crebbp.3",127.7416038,39.1044712682614,-0.276597186406666
"4_F10",1,"Chd6.4",112.4763089,36.5904340528931,-0.342720576978601
"4_F11",1,"Dnmt3b.4",141.4819393,41.4073259573417,-0.217079333865478
"4_G02",1,"Dnmt1.4",109.6393103,36.1291287847183,-0.355009364565655
"4_G03",1,"Crebbp.4",115.4182976,37.0708665736466,-0.329977012629358
"4_G04",1,"Chd4.4",175.4978592,47.2202115800388,-0.0697354422508209
"4_G05",1,"Dot1l.4",116.9903238,37.3284158735853,-0.323167599310267
"4_G06",1,"Dnmt3l.4",96.94969772,34.0911817199421,-0.409975889243399
"4_G07",1,"Chd8.4",164.1600441,45.2698484110113,-0.118846499783662
"4_G08",1,"Chd5.4",136.5056318,40.5694394701405,-0.238634785403369
"4_G09",1,"Cxxc1.4",81.52851325,31.6761340956585,-0.476774533519291
"4_G10",1,"Chd9.4",118.1748513,37.5228556280305,-0.318036681431589
"4_G11",1,"Ctsl.4",104.194666,35.2494885586926,-0.378593471124524
"7_B02",1,"Hdac7.1",131.4796619,39.7275556215397,-0.26040535537123
"7_B03",1,"Ing4.1",119.4044044,37.7250221405702,-0.312710729958471
"7_B04",1,"Ing5.1",136.4300065,40.5567382828175,-0.238962365137778
"7_B05",1,"Ing3.1",141.8006611,41.4611286447077,-0.21569875352273
"7_B06",1,"Hdac9.1",259.8952728,61.63245186297,0.295841716873305
"7_B07",1,"Jmjd4.1",159.2392328,44.4266170127511,-0.140161563112095
"7_B08",1,"Jarid2.1",129.7875347,39.4451653424103,-0.267735000063715
"7_B09",1,"Hltf.1",179.5324824,47.9161158891226,-0.0522590051815185
"7_B10",1,"Hdac8.1",95.56785589,33.8719088976157,-0.415961496965509
"7_B11",1,"Jhdm1d.1",140.3283874,41.2127330201038,-0.222076077349857
"7_C02",1,"Jarid2.2",214.9446306,54.0277483850624,0.101132810814115
"7_C03",1,"Hells.1",133.6811083,40.0957489188413,-0.250869535651797
"7_C04",1,"Hdac7.2",130.904033,39.6314306606197,-0.262898758533667
"7_C05",1,"Jhdm1d.2",128.6658973,39.2582853670674,-0.272593502199844
"7_C06",1,"Ino80.1",106.2271175,35.5769605456,-0.369789672361815
"7_C07",1,"Ing5.2",147.8517694,42.4855305845537,-0.189487677999127
"7_C08",1,"Hdac9.2",153.1417792,43.3852866945463,-0.166573388663336
"7_C09",1,"Jmjd1c.1",334.8525321,73.2544806821266,0.620527755719221
"7_C10",1,"Ing4.2",106.9748704,35.6977096089793,-0.366550694184066
"7_C11",1,"Ing2.1",176.281168,47.3552593884453,-0.0663424495795274
"7_D02",1,"Hdac8.2",108.2606802,35.9056802758245,-0.360981060307774
"7_D03",1,"Jmjd1c.2",156.8802739,44.0232541332994,-0.1503796664445
"7_D04",1,"Ing4.3",160.7499917,44.6852508332467,-0.133617536189645
"7_D05",1,"Hira.1",203.9347329,52.1310194979528,0.0534421654290615
"7_D06",1,"Hells.2",144.5983165,41.934071110111,-0.203580385557243
"7_D07",1,"Jmjd1c.3",145.4073964,42.0710664458093,-0.200075762385397
"7_D08",1,"Ino80.2",172.2820891,46.6661423597951,-0.0836649224020267
"7_D09",1,"Hltf.2",181.7086746,48.2917497579771,-0.0428325769504988
"7_D10",1,"Hdac7.3",174.2273962,47.0012436632487,-0.0752385996877725
"7_D11",1,"Jmjd4.2",136.8222401,40.622624256695,-0.237263359930336
"7_E02",1,"Ing2.2",102.148799,34.9209555645296,-0.387455380677234
"7_E03",1,"Ing3.2",122.5835113,38.249288994848,-0.29894006069884
"7_E04",1,"Hdac7.4",124.2969595,38.5327566132003,-0.291518061628689
"7_E05",1,"Jarid2.3",119.8043356,37.7908528136363,-0.31097838170626
"7_E06",1,"Ing5.3",133.7707897,40.1107670964779,-0.250481070294391
"7_E07",1,"Hira.2",138.475906,40.9006910137414,-0.230100314807559
"7_E08",1,"Hdac8.3",135.7814762,40.4478592735693,-0.241771549146705
"7_E09",1,"Jhdm1d.3",105.7146492,35.4942892534905,-0.372009488079665
"7_E10",1,"Ino80.3",109.8905193,36.1698960474895,-0.353921223725206
"7_E11",1,"Hltf.3",136.7147595,40.6045674064335,-0.237728924581347
"7_F02",1,"Hdac9.3",113.7718122,36.8017383672537,-0.337108954585828
"7_F03",1,"Jmjd4.3",108.0442784,35.8706493644531,-0.361918429735329
"7_F04",1,"Ing5.4",104.5885247,35.3128632865673,-0.37688742660846
"7_F05",1,"Hira.3",152.3563107,43.2514609283017,-0.169975736324989
"7_F06",1,"Hells.3",115.9576996,37.1591736541529,-0.32764053047458
"7_F07",1,"Jarid2.4",102.649082,35.0011897071764,-0.385288346995788
"7_F08",1,"Ing3.3",123.8164174,38.453194634536,-0.293599585318386
"7_F09",1,"Ing2.3",120.4361181,37.8949195814855,-0.308241742730225
"7_F10",1,"Hells.4",143.6336505,41.7708593981223,-0.207758947917637
"7_F11",1,"Jhdm1d.4",118.2974997,37.5430065385601,-0.317505415700442
"7_G02",1,"Ino80.4",173.1607454,46.8174730862347,-0.0798589210057882
"7_G03",1,"Ing2.4",131.2255178,39.6851080628231,-0.261506209936828
"7_G04",1,"Hdac8.4",133.7790186,40.1121451932669,-0.250445425862217
"7_G05",1,"Jmjd4.4",126.1871373,38.8461735062755,-0.283330537854104
"7_G06",1,"Jmjd1c.4",141.4490929,41.4017821474806,-0.21722161184637
"7_G07",1,"Hira.4",133.7991967,40.1155244788651,-0.250358022088098
"7_G08",1,"Hdac9.4",84.11906062,32.0767646361066,-0.465553277941607
"7_G09",1,"Ing4.4",123.2319829,38.3564970271682,-0.296131130955753
"7_G10",1,"Hltf.4",132.3653188,39.8755742631574,-0.256569030066344
"7_G11",1,"Ing3.4",173.9554827,46.9543901489515,-0.0764164244648281
"6_B02",1,"Fbxw9.1",117.6960195,37.4442170667366,-0.320110796759008
"6_B03",1,"Hcfc1.1",94.82354178,33.754025506042,-0.419185579626613
"6_B04",1,"Hdac1.1",101.0977643,34.7526129580424,-0.39200805905181
"6_B05",1,"Hat1.1",112.6489433,36.6185684351637,-0.341972791106653
"6_B06",1,"Gadd45a.1",111.5769617,36.4439835598639,-0.346616203401474
"6_B07",1,"Hdac6.1",117.6978943,37.4445248636165,-0.320102675845953
"6_B08",1,"Hdac2.1",93.71373144,33.5785513330663,-0.423992851484335
"6_B09",1,"Gtf2f1.1",93.42295095,33.5326344261832,-0.425252400810891
"6_B10",1,"Fkbp1a.1",83.88916695,32.0411259408725,-0.46654908896465
"6_B11",1,"Hdac3.1",102.0245955,34.9010465380471,-0.387993382503907
"6_C02",1,"Hdac2.2",101.6257724,34.8371458652471,-0.389720930892796
"6_C03",1,"Gadd45b.1",120.3009567,37.8726484825687,-0.308827209968231
"6_C04",1,"Fbxw9.2",106.8905593,35.6840876400923,-0.366915897465848
"6_C05",1,"Hdac3.2",144.4191975,41.9037554077863,-0.204356260224155
"6_C06",1,"Hdac10.1",100.4126575,34.643041876757,-0.394975678401233
"6_C07",1,"Hdac1.2",107.9811071,35.8604254957004,-0.362192063528204
"6_C08",1,"Gadd45a.2",93.15830158,33.4908652339334,-0.426398760168621
"6_C09",1,"Hdac4.1",101.7145967,34.8513738529299,-0.389336178163179
"6_C10",1,"Hcfc1.2",113.9688942,36.833918826612,-0.336255271106664
"6_C11",1,"Gtf3c4.1",106.1873747,35.5705468115462,-0.369961822897002
"6_D02",1,"Fkbp1a.2",93.2846179,33.5107989958091,-0.425851606417732
"6_D03",1,"Hdac4.2",104.1655593,35.2448067009209,-0.3787195501623
"6_D04",1,"Hcfc1.3",140.9373524,41.3154328677441,-0.219438275014336
"6_D05",1,"Gtf2b.1",110.6237981,36.288985307409,-0.350744941785804
"6_D06",1,"Gadd45b.2",88.57681419,32.7710500412525,-0.446244002731827
"6_D07",1,"Hdac4.3",115.889295,37.1479711835844,-0.327936832911732
"6_D08",1,"Hdac10.2",116.1948612,37.1980215030846,-0.326613237572071
"6_D09",1,"Gtf2f1.2",160.8630576,44.7046163436905,-0.133127778165641
"6_D10",1,"Fbxw9.3",146.6004879,42.2732584031797,-0.194907748550134
"6_D11",1,"Hdac6.2",123.4563566,38.3936122376945,-0.295159230321251
"6_E02",1,"Gtf3c4.2",127.3780764,39.0440222418208,-0.278171847388407
"6_E03",1,"Hat1.2",133.3313863,40.0371979651553,-0.25238439694659
"6_E04",1,"Fbxw9.4",134.049051,40.1573744306075,-0.249275749287396
"6_E05",1,"Hdac2.3",155.7509636,43.8303678990475,-0.155271404634492
"6_E06",1,"Hdac1.3",140.3974735,41.2243811408123,-0.221776822916627
"6_E07",1,"Gtf2b.2",174.8471774,47.1080538030634,-0.0725539457308585
"6_E08",1,"Fkbp1a.3",114.9416206,36.9928850188523,-0.332041794191335
"6_E09",1,"Hdac3.3",117.5668332,37.4230097245397,-0.320670382160234
"6_E10",1,"Hdac10.3",133.7028871,40.0993958938861,-0.250775198260478
"6_E11",1,"Gtf2f1.3",157.0621453,44.0543311624312,-0.149591869438622
"6_F02",1,"Gadd45a.3",165.1832469,45.4454658223256,-0.114414378503208
"6_F03",1,"Hdac6.3",182.8847272,48.4948141835307,-0.0377383690814494
"6_F04",1,"Hdac1.4",126.103638,38.832312690203,-0.283692224730286
"6_F05",1,"Gtf2b.3",130.4217059,39.5509347591594,-0.264988014157332
"6_F06",1,"Gadd45b.3",157.2855726,44.0925140112105,-0.148624068245189
"6_F07",1,"Hdac2.4",151.5589473,43.1156876900547,-0.173429608121856
"6_F08",1,"Hat1.3",184.9092799,48.8444743097251,-0.0289687848845815
"6_F09",1,"Gtf3c4.3",151.0769856,43.0336596646075,-0.175517280973155
"6_F10",1,"Gadd45b.4",179.934627,47.9855173705814,-0.0505170693311868
"6_F11",1,"Hdac3.4",140.7824237,41.2892990099569,-0.220109366598745
"6_G02",1,"Hdac10.4",107.9634546,35.8575687331664,-0.362268527373791
"6_G03",1,"Gtf3c4.4",167.6610785,45.8711108028265,-0.103681364320935
"6_G04",1,"Fkbp1a.4",183.972018,48.682587305705,-0.0330286432160374
"6_G05",1,"Hdac6.4",119.2317681,37.6966163494702,-0.31345852406049
"6_G06",1,"Hdac4.4",120.1082388,37.8409005278844,-0.309661989843456
"6_G07",1,"Gtf2b.4",138.177003,40.8503956061026,-0.231395047725698
"6_G08",1,"Gadd45a.4",149.0155555,42.6831556151972,-0.184446603893674
"6_G09",1,"Hcfc1.4",139.0380122,40.9953152702611,-0.227665486784322
"6_G10",1,"Gtf2f1.4",130.3181187,39.5336528205862,-0.2654367140959
"6_G11",1,"Hat1.4",147.2129225,42.377126520585,-0.19225491724089
"5_B02",1,"Dub2a.1",119.3365045,37.7138490133424,-0.313004846229196
"5_B03",1,"Epc1.1",170.8662395,46.422393285493,-0.0897978387135169
"5_B04",1,"Epc2.1",110.9031,36.3343807257565,-0.349535113299544
"5_B05",1,"Ep400.1",97.89918895,34.2421611401531,-0.405863058154501
"5_B06",1,"Ehmt1.1",115.7144235,37.1193378136128,-0.328694309041092
"5_B07",1,"Fbxo44.1",91.49301645,33.2285060470694,-0.433612135330121
"5_B08",1,"Ezh1.1",150.6635532,42.9633189948095,-0.177308111234829
"5_B09",1,"Elp4.1",98.58534133,34.3514239446438,-0.402890909754367
"5_B10",1,"Eed.1",114.4866611,36.9185061635194,-0.334012503890033
"5_B11",1,"Ezh2.1",77.96800447,31.1289940331012,-0.492197289138296
"5_C02",1,"Ezh1.2",80.21131553,31.473245595706,-0.482480127801654
"5_C03",1,"Ehmt2.1",113.5799074,36.7704121628782,-0.337940212424353
"5_C04",1,"Dub2a.2",119.1456091,37.6824421302319,-0.313831731734865
"5_C05",1,"Ezh2.2",124.9287631,38.6374359620434,-0.288781331255563
"5_C06",1,"Ercc5.1",107.8134555,35.8332970766038,-0.3629182658256
"5_C07",1,"Epc2.2",94.09912992,33.6394470769623,-0.422323453389781
"5_C08",1,"Ehmt1.2",108.5265451,35.9487344525,-0.359829435741251
"5_C09",1,"Fbxl19.1",90.98084073,33.147978990789,-0.435830683703859
"5_C10",1,"Epc1.2",84.01185181,32.0601427985203,-0.466017665302796
"5_C11",1,"Ep300.1",24.24088186,23.4249777505204,-0.724922535255049
"5_D02",1,"Eed.2",116.0124991,37.1681488321611,-0.327403160101758
"5_D03",1,"Fbxl19.2",130.1102983,39.4989873781715,-0.266336912196758
"5_D04",1,"Epc1.3",138.7895934,40.953490257846,-0.228741541550732
"5_D05",1,"Elp3.1",96.29840169,33.9877655264531,-0.412797053331729
"5_D06",1,"Ehmt2.2",121.424669,38.0579289365101,-0.303959720162751
"5_D07",1,"Fbxl19.3",151.4940272,43.1046368002475,-0.173710817044211
"5_D08",1,"Ercc5.2",109.7108185,36.140731837678,-0.354699618526114
"5_D09",1,"Elp4.2",93.12809411,33.4860989336882,-0.426529607318976
"5_D10",1,"Dub2a.3",94.17148793,33.6508849581403,-0.422010026299929
"5_D11",1,"Fbxo44.2",92.17528827,33.3358968695993,-0.430656796024485
"5_E02",1,"Ep300.2",84.18448414,32.086909776716,-0.465269888397292
"5_E03",1,"Ep400.2",121.7040927,38.1040437486577,-0.302749364085702
"5_E04",1,"Dub2a.4",88.2864975,32.725648699841,-0.447501543055036
"5_E05",1,"Ezh1.3",137.2704968,40.6979533038555,-0.23532168418514
"5_E06",1,"Epc2.3",109.8654451,36.1658261937171,-0.354029835522799
"5_E07",1,"Elp3.2",92.71730253,33.4213084184434,-0.428308998563361
"5_E08",1,"Eed.3",115.5438743,37.0914190408063,-0.329433062628049
"5_E09",1,"Ezh2.3",108.4349171,35.9338941913224,-0.360226333021717
"5_E10",1,"Ercc5.3",109.8460189,36.1626731880069,-0.354113982355097
"5_E11",1,"Elp4.3",102.533104,34.9825834650423,-0.38579071911778
"5_F02",1,"Ehmt1.3",183.3446121,48.5742316286097,-0.0357463244429382
"5_F03",1,"Fbxo44.3",123.260668,38.3612414338128,-0.296006878127142
"5_F04",1,"Epc2.4",142.0081733,41.4961669165581,-0.214799890425822
"5_F05",1,"Elp3.3",199.2179445,51.3167032700714,0.0330108508909862
"5_F06",1,"Ehmt2.3",137.4527586,40.7285920596459,-0.234532196116505
"5_F07",1,"Ezh1.4",113.8954907,36.8219320832294,-0.336573226857381
"5_F08",1,"Ep400.3",130.9850918,39.6449629691696,-0.262547642965524
"5_F09",1,"Ep300.3",76.51519646,30.9069253938879,-0.498490295077622
"5_F10",1,"Ehmt2.4",94.01064586,33.6254621529136,-0.422706732330483
"5_F11",1,"Ezh2.4",89.07057594,32.8483257549533,-0.444105216599059
"5_G02",1,"Ercc5.4",83.42393594,31.9690553335056,-0.468564290897002
"5_G03",1,"Ep300.4",195.7475165,50.7171913893909,0.0179782905900527
"5_G04",1,"Eed.4",61.1375385,28.6002738486973,-0.565100399240806
"5_G05",1,"Fbxo44.4",93.68771282,33.5744417542244,-0.424105554146398
"5_G06",1,"Fbxl19.4",125.5328855,38.7376064090518,-0.286164505202078
"5_G07",1,"Elp3.4",89.35635833,32.8930854263133,-0.442867317120776
"5_G08",1,"Ehmt1.4",100.9882599,34.7350910226873,-0.392482390026611
"5_G09",1,"Epc1.4",74.54012483,30.6061430614796,-0.507045546296388
"5_G10",1,"Elp4.4",87.98678131,32.6788042092312,-0.44879979839972
"5_G11",1,"Ep400.4",111.4842672,36.4289003060266,-0.34701772035005
"3_B02",1,"Brwd1.1",178.0703441,47.6638371608387,-0.0585924263511997
"3_B03",1,"Cbx7.1",178.4480998,47.7290069252453,-0.0569561338422436
"3_B04",1,"Cbx8.1",176.1633704,47.3349482942693,-0.06685270350939
"3_B05",1,"Cbx6.1",165.9347598,45.5745086689475,-0.111159113450546
"3_B06",1,"Carm1.1",160.3990875,44.6251573455966,-0.135137518320481
"3_B07",1,"Chd2.1",126.4277616,38.8861248840082,-0.282288245866021
"3_B08",1,"Chaf1b.1",200.520552,51.5416575071927,0.0386532459477914
"3_B09",1,"Cbx4.1",178.6971959,47.7719838904232,-0.0558771452725406
"3_B10",1,"Brwd3.1",144.8355516,41.9742302698466,-0.202552774280983
"3_B11",1,"Chd1.1",142.6368692,41.6023629134771,-0.212076621414708
"3_C02",1,"Chaf1b.2",228.2191047,56.3020880076939,0.158632730815748
"3_C03",1,"Cbx1.1",193.6959563,50.3627021654519,0.00909172028302002
"3_C04",1,"Brwd1.2",187.5376611,49.2985500954807,-0.0175836476960734
"3_C05",1,"Chd1.2",223.8635195,55.5577565024525,0.139766009718277
"3_C06",1,"Chaf1a.1",169.8689398,46.2507807187608,-0.0941177577201504
"3_C07",1,"Cbx8.2",185.2224559,48.8985714897714,-0.0276122268160075
"3_C08",1,"Carm1.2",172.5958089,46.7201688151444,-0.0823060088008522
"3_C09",1,"Chd1l.1",148.9921942,42.6791867580616,-0.184547796066789
"3_C10",1,"Cbx7.2",138.1181619,40.8404963834239,-0.231649924756405
"3_C11",1,"Cbx5.1",153.0849708,43.3756052866896,-0.166819460818874
"3_D02",1,"Brwd3.2",167.7727491,45.890305241233,-0.103197650200273
"3_D03",1,"Chd1l.2",208.3907963,52.8995130367066,0.0727441194719872
"3_D04",1,"Cbx7.3",179.953564,47.9887856404206,-0.0504350415252739
"3_D05",1,"Cbx3.1",179.8152253,47.9649105663647,-0.0510342716057431
"3_D06",1,"Cbx1.2",174.9098468,47.1188551200294,-0.0722824859758879
"3_D07",1,"Chd1l.3",151.7522245,43.1485910893709,-0.172592405573987
"3_D08",1,"Chaf1a.2",193.400108,50.3115794961607,0.00781021915126367
"3_D09",1,"Cbx4.2",170.3842674,46.3394483532016,-0.0918855566136196
"3_D10",1,"Brwd1.3",130.4916446,39.5626041228991,-0.264685066588583
"3_D11",1,"Chd2.2",170.0808786,46.2872448298503,-0.0931997202933236
"3_E02",1,"Cbx5.2",208.0020057,52.8325009632852,0.0710600280172917
"3_E03",1,"Cbx6.2",198.3495175,51.1667062569522,0.0292491588909047
"3_E04",1,"Brwd1.4",189.3908224,49.6187580020305,-0.00955646517287853
"3_E05",1,"Chaf1b.3",192.9803806,50.2390496258031,0.00599212136895728
"3_E06",1,"Cbx8.3",174.4876418,47.0460905671144,-0.0741113157691743
"3_E07",1,"Cbx3.2",156.5346325,43.9642032893545,-0.151876852148396
"3_E08",1,"Brwd3.3",159.6387982,44.4949978481263,-0.138430799364895
"3_E09",1,"Chd1.3",158.0767049,44.2277593353575,-0.145197187178713
"3_E10",1,"Chaf1a.3",148.5335637,42.6012849668921,-0.186534407126605
"3_E11",1,"Cbx4.3",128.2089975,39.1822303418398,-0.274572616532423
"3_F02",1,"Carm1.3",188.8746202,49.529560026039,-0.0117924547104728
"3_F03",1,"Chd2.3",265.6539245,62.5813708707776,0.320785982806015
"3_F04",1,"Cbx8.4",178.9896655,47.8224474613864,-0.0546102793706432
"3_F05",1,"Cbx3.3",189.5960611,49.6542231024087,-0.00866745000419181
"3_F06",1,"Cbx1.3",250.3062221,60.0370276462743,0.254305634615884
"3_F07",1,"Chaf1b.4",196.002452,50.7612383262675,0.01908257319629
"3_F08",1,"Cbx6.3",211.0771314,53.3622961424562,0.0843802906817816
"3_F09",1,"Cbx5.3",194.7521046,50.5451994430304,0.0136665488074782
"3_F10",1,"Cbx1.4",213.600659,53.7966193407409,0.0953112423736391
"3_F11",1,"Chd1.4",142.6645257,41.6070359179251,-0.211956824085975
"3_G02",1,"Chaf1a.4",215.021629,54.0409861114891,0.101466338289998
"3_G03",1,"Cbx5.4",222.0654475,55.2498937133022,0.131977452870125
"3_G04",1,"Brwd3.4",269.7735216,63.2555946277321,0.338630494151964
"3_G05",1,"Chd2.4",149.2072291,42.7157218850426,-0.183616347524691
"3_G06",1,"Chd1l.4",207.172794,52.6895512123453,0.0674682016251321
"3_G07",1,"Cbx3.4",165.9986816,45.5854869035836,-0.110882228780113
"3_G08",1,"Carm1.4",154.3551362,43.5921633969199,-0.161317592470746
"3_G09",1,"Cbx7.4",198.687143,51.2250239057817,0.0307116227967638
"3_G10",1,"Cbx4.4",177.0587318,47.4893467921267,-0.0629743420402489
"3_G11",1,"Cbx6.4",138.1426914,40.8446230704643,-0.231543672389867
"control2_B02",2,"Bptf.1",372.5619715,34.3575002520633,-0.402725727724497
"control2_B03",2,"Bptf.2",393.4917426,36.8931300476684,-0.334685154891401
"control2_B04",2,"Bptf.3",437.973946,42.462400366964,-0.190078002440779
"control2_B05",2,"Bptf.4",387.2000066,36.1242747784099,-0.355138953430775
"control2_B06",2,"Whsc1.1",373.6322943,34.4855896224435,-0.399246216358588
"control2_B07",2,"Whsc1.2",356.6296006,32.4727207642147,-0.454520257031383
"control2_B08",2,"Whsc1.3",337.1420168,30.2273641396917,-0.517872424551503
"control2_B09",2,"Whsc1.4",445.8332685,43.4657698643435,-0.164528138449193
"control2_B10",2,"Cd4.1",385.6891225,35.9404615256584,-0.360050685105108
"control2_B11",2,"Cd4.1",1051.856454,96.4508957708261,1.80559205515187
"control2_C02",2,"Mll2.1",431.4985538,41.6393364768192,-0.211128848744921
"control2_C03",2,"Mll2.2",383.5217036,35.6773427539608,-0.367096745132266
"control2_C04",2,"Mll2.3",580.4340447,60.75908400521,0.273045396047198
"control2_C05",2,"Mll2.4",296.3501587,25.7690256849523,-0.650482636999091
"control2_C06",2,"Brd8.1",409.3891978,38.8586834395881,-0.283004133000221
"control2_C07",2,"Brd8.2",434.1231655,41.972521251158,-0.20259650108191
"control2_C08",2,"Brd8.3",401.5003455,37.8793892778546,-0.308649995390359
"control2_C09",2,"Brd8.4",475.4643478,47.2813018013791,-0.0682004911184052
"control2_C10",2,"Cd4.2",429.23851,41.3529118999855,-0.21847602297082
"control2_C11",2,"Cd4.2",1508.864075,99.950133295343,3.29127769277122
"control2_D02",2,"Ncor1.1",299.2224283,26.0714181838149,-0.64114517850605
"control2_D03",2,"Ncor1.2",176.7675346,14.9348036222676,-1.03923367521034
"control2_D04",2,"Ncor1.3",394.5220977,37.0195511444072,-0.331335574483161
"control2_D05",2,"Ncor1.4",350.4154457,31.7492621927978,-0.474721847247035
"control2_D06",2,"Cxxcl.1",370.4038481,34.0997766537758,-0.409741569019604
"control2_D07",2,"Cxxcl.2",377.8199221,34.9884370334209,-0.385632661152349
"control2_D08",2,"Cxxcl.3",385.4271872,35.9086275598754,-0.36090221032113
"control2_D09",2,"Cxxcl.4",335.2492886,30.0130404455794,-0.52402549284499
"control2_D10",2,"Cd4.3",538.8508091,55.4825454113581,0.137862495242439
"control2_D11",2,"Cd4.3",1160.27506,98.4538027620779,2.15804999760905
"control2_E02",2,"Smarca4.1",480.2481916,47.900590772154,-0.0526486978885186
"control2_E03",2,"Smarca4.2",446.3323322,43.5296328525382,-0.162905732744612
"control2_E04",2,"Smarca4.3",402.5503097,38.0092953625071,-0.305236667777701
"control2_E05",2,"Smarca4.4",422.9152668,40.5540288472236,-0.239032248236513
"control2_E06",2,"Klf2.1",411.5420611,39.1271962504124,-0.276005391759169
"control2_E07",2,"Klf2.2",282.2327235,24.3096383508321,-0.696376993576269
"control2_E08",2,"Klf2.3",456.2554658,44.8027427811864,-0.130646627223704
"control2_E09",2,"Klf2.4",433.1284149,41.8461722365011,-0.205830334855183
"control2_E10",2,"Cd4.4",510.8156183,51.8632968736125,0.0467229203085713
"control2_E11",2,"Cd4.4",849.6654534,87.4575468993987,1.14828952485707
"control2_F02",2,"Runx3.1",274.3637642,23.5160092951039,-0.721958185831751
"control2_F03",2,"Runx3.2",1172.388095,98.6005062281368,2.19742825149484
"control2_F04",2,"Runx3.3",780.0542731,82.1733262009755,0.921990605457995
"control2_F05",2,"Empty",1206.220071,98.9484084980369,2.30741258988618
"control2_F06",2,"Sp140.1",389.4641412,36.4003276074303,-0.347778480427072
"control2_F07",2,"Sp140.2",332.9035648,29.7483796891592,-0.531651204100869
"control2_F08",2,"Sp140.3",390.4534843,36.521175396468,-0.344562225890372
"control2_F09",2,"Sp140.4",295.4669747,25.6764114692323,-0.653353779019226
"control2_F10",2,"Empty",1698.628046,99.9953503224842,3.90818120443567
"control2_F11",2,"Empty",369.2852173,33.966479954487,-0.413378124816468
"control2_G02",2,"Smarce1.1",297.0333264,25.8407841688243,-0.648261727777152
"control2_G03",2,"Smarce1.2",751.7423611,79.6716879640581,0.82995143783995
"control2_G04",2,"Smarce1.3",804.2571678,84.1507240789882,1.000671772669
"control2_G05",2,"Smarce1.4",398.4281267,37.5000718733745,-0.31863746854627
"control2_G06",2,"Wdr82.1",286.5076941,24.746790188715,-0.682479495745123
"control2_G07",2,"Wdr82.2",288.8374842,24.9867876502289,-0.674905583339321
"control2_G08",2,"Wdr82.3",278.7584088,23.9574596484747,-0.707671639908567
"control2_G09",2,"Wdr82.4",308.6919681,27.0811460827989,-0.610360660635341
"control2_G10",2,"Empty",171.7210282,14.5566506122155,-1.05563935803512
"control2_G11",2,"Empty",314.3594736,27.6946665169552,-0.591936172430846
"12_B02",2,"Pcgf2.1",272.5101436,23.3311653843706,-0.727984119265835
"12_B03",2,"Phf20.1",572.7939643,59.8013364448972,0.248208265988623
"12_B04",2,"Phf20l1.1",689.3799099,73.4741632110911,0.627217404932919
"12_B05",2,"Phf2.1",424.4641141,40.7493614231118,-0.233997102031641
"12_B06",2,"Pcgf6.1",464.9996546,45.9290966188756,-0.102220152224523
"12_B07",2,"Prdm1.1",545.7331123,56.3652480286353,0.160236168126949
"12_B08",2,"Phip.1",514.1267888,52.2921449441113,0.0574872013172657
"12_B09",2,"Phf1.1",564.0167232,58.6937605385343,0.219674341299012
"12_B10",2,"Pcgf5.1",579.0918497,60.5912819136024,0.26868205560657
"12_B11",2,"Polr2b.1",385.1780101,35.8783532235943,-0.361712259916985
"12_C02",2,"Phip.2",683.4271218,72.8361655840829,0.607865491797183
"12_C03",2,"Pcmt1.1",635.2124886,67.4050120946524,0.451124586882766
"12_C04",2,"Pcgf2.2",791.5554204,83.1316244577945,0.959379674205614
"12_C05",2,"Polr2b.2",487.9992426,48.9050085048669,-0.0274508136126344
"12_C06",2,"Phf8.1",670.1193959,71.3828230183526,0.564603418408247
"12_C07",2,"Phf20l1.2",392.5775347,36.7810783760114,-0.337657152478347
"12_C08",2,"Pcgf6.2",437.3949861,42.388671316527,-0.191960142625456
"12_C09",2,"Ppargc1a.1",407.720105,38.6508732297252,-0.288430185185932
"12_C10",2,"Phf20.2",294.7359262,25.5998820696084,-0.65573034388805
"12_C11",2,"Phf19.1",357.6364413,32.5905726317025,-0.451247119563593
"12_D02",2,"Pcgf5.2",574.5131198,60.0173830248868,0.25379706695784
"12_D03",2,"Ppargc1a.2",559.6358986,58.1382971832841,0.205432722800598
"12_D04",2,"Phf20.3",645.0799153,68.5524053474591,0.483202594895791
"12_D05",2,"Phc1.1",655.726858,69.7706230225861,0.517814730726992
"12_D06",2,"Pcmt1.2",419.8810865,40.1720590739589,-0.248896062069187
"12_D07",2,"Ppargc1a.3",466.0820264,46.0687650529604,-0.0987014707760479
"12_D08",2,"Phf8.2",402.6756485,38.0248118920674,-0.304829203992766
"12_D09",2,"Phf1.2",388.2632298,36.2538184786862,-0.35168252214771
"12_D10",2,"Pcgf2.3",382.6379712,35.5702544673707,-0.369969669945437
"12_D11",2,"Prdm1.2",357.3886237,32.5615490953586,-0.452052749562199
"12_E02",2,"Phf19.2",465.8728346,46.0417672668615,-0.0993815321984105
"12_E03",2,"Phf2.2",610.9779929,64.5180395890252,0.372340688011114
"12_E04",2,"Pcgf2.4",545.467124,56.331189120322,0.159371467017107
"12_E05",2,"Phip.3",467.6536243,46.2716487551825,-0.0935923646674154
"12_E06",2,"Phf20l1.3",593.7467089,62.4121520959629,0.316323523350877
"12_E07",2,"Phc1.2",581.3986763,60.8795596483286,0.276181315992205
"12_E08",2,"Pcgf5.3",433.175937,41.8522063904768,-0.205675845305786
"12_E09",2,"Polr2b.3",388.8021255,36.3195380826899,-0.34993062663246
"12_E10",2,"Phf8.3",406.1062347,38.4502474577856,-0.293676714599258
"12_E11",2,"Phf1.3",410.3452968,38.9778666617175,-0.279895951676386
"12_F02",2,"Pcgf6.3",544.8628951,56.253802235891,0.15740717986452
"12_F03",2,"Prdm1.3",525.9015687,53.8146718682377,0.0957658220222781
"12_F04",2,"Phf20l1.4",596.0774896,62.6993376375277,0.32390065609727
"12_F05",2,"Phc1.3",524.6709369,53.6557688146088,0.0917651622817316
"12_F06",2,"Pcmt1.3",528.6115563,54.1643758413768,0.10457571811687
"12_F07",2,"Phip.4",493.9030647,49.6705538582388,-0.00825808399942349
"12_F08",2,"Phf2.3",380.8799102,35.3575564367006,-0.37568494876736
"12_F09",2,"Phf19.3",352.7532827,32.0206377911776,-0.467121775181726
"12_F10",2,"Pcmt1.4",418.65976,40.0185699851116,-0.252866471218872
"12_F11",2,"Polr2b.4",339.3189823,30.4747189959631,-0.510795329491544
"12_G02",2,"Phf8.4",489.7967738,49.1380636614291,-0.0216072211553159
"12_G03",2,"Phf19.4",514.0982975,52.288455938242,0.05739457897737
"12_G04",2,"Pcgf5.4",464.8181896,45.9056853830791,-0.102810076619308
"12_G05",2,"Prdm1.4",456.1053034,44.7834340162045,-0.131134790026115
"12_G06",2,"Ppargc1a.4",515.3381009,52.4489650352937,0.0614250546635768
"12_G07",2,"Phc1.4",444.1378177,43.2489387656363,-0.170039877831872
"12_G08",2,"Pcgf6.4",431.8236111,41.6805692377415,-0.210072120279526
"12_G09",2,"Phf20.4",332.2536059,29.6752358266297,-0.533764154866678
"12_G10",2,"Phf1.4",379.7545013,35.2216385817972,-0.379343539483025
"12_G11",2,"Phf2.4",364.882868,33.4438518367551,-0.427689717941506
"11_B02",2,"Nap1l2.1",466.7673032,46.1572178401135,-0.0964737050829376
"11_B03",2,"Padi1.1",433.8329163,41.9356464130381,-0.203540071928336
"11_B04",2,"Padi4.1",337.7373029,30.2949132356781,-0.515937209538875
"11_B05",2,"Orc1.1",624.2623131,66.112180292375,0.415526671832326
"11_B06",2,"Ncoa1.1",549.4746151,56.8438234364142,0.17239941599776
"11_B07",2,"Pcgf1.1",464.474299,45.861323131781,-0.103928030241644
"11_B08",2,"Parp1.1",521.4336523,53.2374883580549,0.0812410768746167
"11_B09",2,"Ncor2.1",549.0285993,56.7868248654821,0.170949463660507
"11_B10",2,"Nap1l3.1",547.2518316,56.55962379847,0.165173371245461
"11_B11",2,"Paxip1.1",306.0429035,26.7967236961646,-0.618972502207554
"11_C02",2,"Parp1.2",471.9692572,46.8292539936877,-0.0795626778041244
"11_C03",2,"Ncoa3.1",531.6730554,54.559050997085,0.114528342610312
"11_C04",2,"Nap1l2.2",512.6473339,52.1005623625437,0.0526776427991256
"11_C05",2,"Paxip1.2",449.2762603,43.9066924453441,-0.15333531970252
"11_C06",2,"Padi6.1",482.0741825,48.1371149631705,-0.0467125858197142
"11_C07",2,"Padi4.2",463.672959,45.7579695160331,-0.106533105680528
"11_C08",2,"Ncoa1.2",338.6003554,30.3929664601721,-0.513131512992818
"11_C09",2,"Pbrm1.1",555.2607628,57.5819307889181,0.191209598016659
"11_C10",2,"Padi1.2",468.0187943,46.3188040600147,-0.0924052338639895
"11_C11",2,"Nsd1.1",559.108276,58.0712857257448,0.203717474995347
"11_D02",2,"Nap1l3.2",410.2450481,38.9653652001749,-0.280221850079249
"11_D03",2,"Pbrm1.2",509.2901534,51.6656498569546,0.0417637879254761
"11_D04",2,"Padi1.3",542.7558519,55.9837564030016,0.150557395142695
"11_D05",2,"Ncor1.1",433.9715007,41.9532520480624,-0.203089548035042
"11_D06",2,"Ncoa3.2",532.0644265,54.6094732537428,0.115800650544646
"11_D07",2,"Pbrm1.3",499.845693,50.4412531062606,0.0110608006522184
"11_D08",2,"Padi6.2",518.4857663,52.8562878592781,0.0716577970992034
"11_D09",2,"Ncor2.2",452.593488,44.332226206224,-0.142551347348144
"11_D10",2,"Nap1l2.3",610.5934309,64.4714942586617,0.371090515773452
"11_D11",2,"Pcgf1.2",355.8970103,32.3870802811478,-0.45690183413635
"11_E02",2,"Nsd1.2",574.3526731,59.9972325182738,0.253275470934404
"11_E03",2,"Orc1.2",524.8584479,53.6799846558898,0.0923747416121289
"11_E04",2,"Nap1l2.4",488.684695,48.9938754277692,-0.0252224770616523
"11_E05",2,"Parp1.3",564.3922351,58.7412940698702,0.220895092575247
"11_E06",2,"Padi4.3",521.0048993,53.1820625577603,0.0798472441573586
"11_E07",2,"Ncor1.2",493.6218488,49.634083761766,-0.0091722884995279
"11_E08",2,"Nap1l3.3",462.6758626,45.6294081487134,-0.109774565412776
"11_E09",2,"Paxip1.3",437.7740899,42.4369462135975,-0.190727714444949
"11_E10",2,"Padi6.3",574.4177429,60.005404957903,0.253487006284933
"11_E11",2,"Ncor2.3",526.6155706,53.9068383013555,0.09808697011548
"11_F02",2,"Ncoa1.3",388.0427738,36.22694500516,-0.352399202347069
"11_F03",2,"Pcgf1.3",468.3092347,46.3563130435195,-0.0914610414456657
"11_F04",2,"Padi4.4",505.8951476,51.2256357549929,0.0307269668202664
"11_F05",2,"Ncor1.3",450.7101174,44.0905441054391,-0.148673995028749
"11_F06",2,"Ncoa3.3",410.3956883,38.9841511380612,-0.279732133997276
"11_F07",2,"Parp1.4",497.1567478,50.0925270499729,0.00231931127564305
"11_F08",2,"Orc1.3",511.619042,51.9673744463669,0.0493347696457906
"11_F09",2,"Nsd1.3",464.0435293,45.8057606627752,-0.105328419047002
"11_F10",2,"Ncoa3.4",444.1830584,43.2547219867011,-0.16989280488355
"11_F11",2,"Paxip1.4",544.6718939,56.2293346805962,0.156786254246284
"11_G02",2,"Padi6.4",523.0166368,53.4420688963275,0.0863871996702892
"11_G03",2,"Nsd1.4",413.1415919,39.3270322977864,-0.270805478612666
"11_G04",2,"Nap1l3.4",719.7261984,76.6040803782696,0.725870125167323
"11_G05",2,"Pcgf1.4",584.9529777,61.322558115342,0.287735991010962
"11_G06",2,"Pbrm1.4",509.3538245,51.6739002619908,0.0419707762435142
"11_G07",2,"Ncor1.4",391.6091699,36.6625114504461,-0.34080520867966
"11_G08",2,"Ncoa1.4",458.8699141,45.1391173342033,-0.122147319748024
"11_G09",2,"Padi1.4",402.3248439,37.9813883003245,-0.305969634331084
"11_G10",2,"Ncor2.4",348.9611004,31.5809344519006,-0.479449776990572
"11_G11",2,"Orc1.4",498.6926015,50.2917126368922,0.0073122165987133
"9_B02",2,"Kdm5b.1",429.4482731,41.3794769193186,-0.217794104309835
"9_B03",2,"L3mbtl4.1",411.9695501,39.180576376131,-0.2746156681783
"9_B04",2,"Mbd1.1",487.1326748,48.7926683292754,-0.0302679380440963
"9_B05",2,"L3mbtl3.1",392.3415257,36.7521696902191,-0.338424393910518
"9_B06",2,"Kdm5d.1",418.299834,39.9733658970252,-0.254036554307718
"9_B07",2,"Men1.1",514.1106483,52.2900551015779,0.0574347301812668
"9_B08",2,"Mbd3.1",486.676712,48.733561982175,-0.031750227074127
"9_B09",2,"L3mbtl1.1",534.3034068,54.8977868159748,0.123079349458559
"9_B10",2,"Kdm5c.1",602.8597857,63.5309559711663,0.345949215996125
"9_B11",2,"Mbd4.1",505.5825378,51.1851112401448,0.0297107039207053
"9_C02",2,"Mbd3.2",375.1130232,34.6630870562139,-0.394432516195068
"9_C03",2,"Kdm6a.1",384.0996355,35.7474361283981,-0.365217946871806
"9_C04",2,"Kdm5b.2",460.06837,45.293428737431,-0.118251260609985
"9_C05",2,"Mbd4.2",327.278819,29.1181400712291,-0.549936684837567
"9_C06",2,"Mbd2.1",167.1164903,14.2172807121061,-1.07060824588635
"9_C07",2,"Mbd1.2",460.3203965,45.3258884222334,-0.117431947902398
"9_C08",2,"Kdm5d.2",451.3569206,44.1735202898713,-0.146571303125048
"9_C09",2,"Mecom.1",450.2074533,44.0260769279343,-0.150308105270243
"9_C10",2,"L3mbtl4.2",399.0835552,37.5808956340741,-0.316506736663056
"9_C11",2,"L3mbtl2.1",520.1527902,53.0718904173096,0.0770771234998855
"9_D02",2,"Kdm5c.2",374.8456708,34.6310140238049,-0.395301651856293
"9_D03",2,"Mecom.2",461.0431322,45.4189902170999,-0.115082407107137
"9_D04",2,"L3mbtl4.3",538.7268269,55.4666175368255,0.137459441627146
"9_D05",2,"Kdm6b.1",554.193031,57.4459179707868,0.18773850973017
"9_D06",2,"Kdm6a.2",449.9773403,43.9965699765351,-0.151056179401658
"9_D07",2,"Mecom.3",680.2122518,72.4884586963303,0.597414273991751
"9_D08",2,"Mbd2.2",299.3449327,26.0843559284818,-0.640746929069363
"9_D09",2,"L3mbtl1.2",490.6695384,49.2512312393023,-0.018769951552666
"9_D10",2,"Kdm5b.3",492.7012412,49.5146950609297,-0.0121650908650779
"9_D11",2,"Men1.2",549.7216025,56.8753810596956,0.173202347099981
"9_E02",2,"L3mbtl2.2",366.9133591,33.6845121173763,-0.421088796368288
"9_E03",2,"L3mbtl3.2",431.1247031,41.5919257625002,-0.212344199627667
"9_E04",2,"Kdm5b.4",447.4251087,43.6695293825194,-0.159353226666868
"9_E05",2,"Mbd3.3",464.2865377,45.8371038971353,-0.104538423272072
"9_E06",2,"Mbd1.3",436.9715766,42.3347680552379,-0.19333660416368
"9_E07",2,"Kdm6b.2",374.6574175,34.6084367540288,-0.39591364432905
"9_E08",2,"Kdm5c.3",478.4843415,47.6721858904176,-0.0583827964900896
"9_E09",2,"Mbd4.3",451.3036847,44.1666898663567,-0.146744367661396
"9_E10",2,"Mbd2.3",224.2581839,18.81197484235,-0.884846368863371
"9_E11",2,"L3mbtl1.3",364.3951476,33.3861463911661,-0.429275247722976
"9_F02",2,"Kdm5d.3",464.0200927,45.802737946633,-0.105404609067506
"9_F03",2,"Men1.3",469.7160833,46.5380460324728,-0.0868875186786901
"9_F04",2,"Mbd1.4",488.6020181,48.9831563329638,-0.0254912513167163
"9_F05",2,"Kdm6b.3",539.2833181,55.5381024831965,0.139268538336502
"9_F06",2,"Kdm6a.3",337.1371423,30.2268112929921,-0.517888271058887
"9_F07",2,"Mbd3.4",474.6185946,47.171879482311,-0.0709499493866528
"9_F08",2,"L3mbtl3.3",485.7779331,48.6170617600978,-0.0346720665397436
"9_F09",2,"L3mbtl2.3",402.7409891,38.0329016070157,-0.304616788298777
"9_F10",2,"Kdm6a.4",393.7562653,36.9255726270376,-0.333825218299196
"9_F11",2,"Mbd4.4",361.552123,33.0505545124233,-0.438517633673512
"9_G02",2,"Mbd2.4",299.9796674,26.1514433926542,-0.638683470640759
"9_G03",2,"L3mbtl2.4",474.0922218,47.1037888580203,-0.0726611342182805
"9_G04",2,"Kdm5c.4",459.6741226,45.2426580657149,-0.119532919105236
"9_G05",2,"Men1.4",393.2248593,36.8604074120877,-0.335552765555886
"9_G06",2,"Mecom.4",450.1031323,44.0126996328306,-0.150647242309277
"9_G07",2,"Kdm6b.4",338.7813749,30.4135504107663,-0.512543036873557
"9_G08",2,"Kdm5d.4",383.2632365,35.6460106886778,-0.367936995580228
"9_G09",2,"L3mbtl4.4",450.3413063,44.0432421703824,-0.149872962680679
"9_G10",2,"L3mbtl1.4",648.8205631,68.9828068562914,0.49536306324792
"9_G11",2,"L3mbtl3.4",463.2401331,45.7021572537867,-0.107940178984498
"14_B02",2,"Prmt1.1",568.5830753,59.2708993028639,0.234519090969572
"14_B03",2,"Rbbp4.1",552.996952,57.2934504539571,0.183850177654066
"14_B04",2,"Rbbp5.1",567.5611157,59.1419043403515,0.231196803484245
"14_B05",2,"Psip1.1",75.15419734,8.54108384789181,-1.36956837603528
"14_B06",2,"Prmt3.1",364.7700275,33.430497441498,-0.428056551014935
"14_B07",2,"Rnf40.1",465.7716545,46.0287098625827,-0.0997104584886415
"14_B08",2,"Ring1.1",368.0691304,33.821797534254,-0.417331500555528
"14_B09",2,"Prmt7.1",565.2876255,58.8545836929335,0.223805916369458
"14_B10",2,"Prmt2.1",419.63858,40.14157014486,-0.249684426217888
"14_B11",2,"Rnf20.1",357.9932907,32.6323841287951,-0.450087038190742
"14_C02",2,"Ring1.2",551.295176,57.0763329488417,0.178317875684762
"14_C03",2,"Prmt5.1",454.3615292,44.5593009558664,-0.136803623903595
"14_C04",2,"Prmt1.2",556.2270207,57.7049396307167,0.194350804898779
"14_C05",2,"Rnf20.2",391.0447638,36.5934639493739,-0.342640035929849
"14_C06",2,"Rbbp7.1",273.1713516,23.3970086876602,-0.725834598811604
"14_C07",2,"Rbbp5.2",425.3385822,40.8597468066939,-0.231154294522472
"14_C08",2,"Prmt3.2",379.6068309,35.203818092632,-0.379823601045022
"14_C09",2,"Rnf217.1",518.1280378,52.8100103398818,0.0704948578610038
"14_C10",2,"Rbbp4.2",368.6094842,33.8860561195184,-0.415574864904384
"14_C11",2,"Prmt8.1",475.9032681,47.3380968115486,-0.0667736055353099
"14_D02",2,"Prmt2.2",418.7927758,40.0352791905958,-0.252434050281987
"14_D03",2,"Rnf217.2",419.1593427,40.0813360959146,-0.251242378297688
"14_D04",2,"Rbbp4.3",431.7998479,41.6775546205235,-0.210149372043657
"14_D05",2,"Prmt6.1",439.3033478,42.631795683077,-0.185756251401785
"14_D06",2,"Prmt5.2",439.9186564,42.7102459060983,-0.183755945263074
"14_D07",2,"Rnf217.3",381.6295014,35.4481898684968,-0.373248103452857
"14_D08",2,"Rbbp7.2",338.3730749,30.3671309148246,-0.513870378952694
"14_D09",2,"Prmt7.2",485.4290999,48.571848930754,-0.0358060880556885
"14_D10",2,"Prmt1.3",382.5432632,35.5587847454537,-0.370277556091974
"14_D11",2,"Rnf40.2",402.6919279,38.0268273695053,-0.304776281306891
"14_E02",2,"Prmt8.2",515.5807577,52.4803756288314,0.0622139074224037
"14_E03",2,"Psip1.2",343.0277958,30.8981861523001,-0.49873835123481
"14_E04",2,"Prmt1.4",500.5553207,50.5332793331106,0.0133677286628278
"14_E05",2,"Ring1.3",296.3493589,25.7689417363293,-0.650485237068145
"14_E06",2,"Rbbp5.3",379.8835047,35.2372090409698,-0.378924162453459
"14_E07",2,"Prmt6.2",470.2660979,46.6091153149432,-0.0850994767420744
"14_E08",2,"Prmt2.3",303.0163616,26.4736240276606,-0.628811484372981
"14_E09",2,"Rnf20.3",374.8686267,34.6337675049877,-0.395227024542959
"14_E10",2,"Rbbp7.3",379.7763895,35.2242802705039,-0.379272383154599
"14_E11",2,"Prmt7.3",418.2757057,39.9703360378663,-0.25411499297509
"14_F02",2,"Prmt3.3",605.6579082,63.8722296218338,0.355045629752756
"14_F03",2,"Rnf40.3",319.8087645,28.2909103847645,-0.574221077860597
"14_F04",2,"Rbbp5.4",405.0112424,38.314300771454,-0.297236424019101
"14_F05",2,"Prmt6.3",316.0203435,27.8757402139322,-0.586536852062873
"14_F06",2,"Prmt5.3",414.7423883,39.5273083945309,-0.265601451128335
"14_F07",2,"Ring1.4",257.4364798,21.8583196943725,-0.776987078483364
"14_F08",2,"Psip1.3",407.4944896,38.6228078187637,-0.289163638073813
"14_F09",2,"Prmt8.3",427.261395,41.1027202692074,-0.224903424231645
"14_F10",2,"Prmt5.4",446.5638797,43.5592687114078,-0.162152995198521
"14_F11",2,"Rnf20.4",387.1548811,36.118780168658,-0.355285651875527
"14_G02",2,"Rbbp7.4",252.6631406,21.4033219676638,-0.792504722319167
"14_G03",2,"Prmt8.4",304.4451741,26.6259103008491,-0.624166559184521
"14_G04",2,"Prmt2.4",315.2908627,27.796138793602,-0.588908320497267
"8_B02",2,"Jmjd5.1",304.5299634,26.6349612658401,-0.623890917730319
"8_B03",2,"Kdm2b.1",259.7564478,22.0814562898516,-0.76944509673305
"8_B04",2,"Kdm3a.1",521.7522094,53.2786648453196,0.0822766738460547
"8_B05",2,"Kdm2a.1",458.1944457,45.0521772284723,-0.124343199322963
"8_B06",2,"Kat2a.1",432.2312569,41.732291090626,-0.208746904938541
"8_B07",2,"Kdm5a.1",549.4260259,56.8376146709575,0.172241457413993
"8_B08",2,"Kdm4a.1",414.6628859,39.5173552476459,-0.265859905404388
"8_B09",2,"Kdm1a.1",611.0020607,64.5209519073717,0.372418929999094
"8_B10",2,"Jmjd6.1",412.9692269,39.3054843936695,-0.271365819826162
"8_B11",2,"Kdm4c.1",451.695598,44.2169782877588,-0.145470297089601
"8_C02",2,"Kdm4a.2",293.5201038,25.4728684142424,-0.659682859764313
"8_C03",2,"Kat2b.1",428.8003167,41.2974305867714,-0.219900545150311
"8_C04",2,"Jmjd5.2",415.5024487,39.622497065629,-0.263130571501574
"8_C05",2,"Kdm4c.2",449.8162275,43.9759127727042,-0.151579940848946
"8_C06",2,"Kdm3b.1",565.7952161,58.9187740842425,0.225456042165085
"8_C07",2,"Kdm3a.2",440.0813488,42.7309935913395,-0.183227048695658
"8_C08",2,"Kat2a.2",611.4258261,64.5722156227838,0.373796548532287
"8_C09",2,"Kdm4d.1",329.7566859,29.395010899109,-0.541881389704398
"8_C10",2,"Kdm2b.2",447.7169087,43.7068988989834,-0.158404614326206
"8_C11",2,"Kdm1b.1",572.627364,59.7803837141046,0.247666665232838
"8_D02",2,"Jmjd6.2",390.0609575,36.4732123376523,-0.345838290888729
"8_D03",2,"Kdm4d.2",470.3981835,46.6261841695923,-0.0846700797914787
"8_D04",2,"Kdm2b.3",377.2531274,34.9202200869366,-0.387475253499991
"8_D05",2,"Kat5.1",544.3582259,56.1891481506775,0.155766551245356
"8_D06",2,"Kat2b.2",643.0372832,68.3163048649315,0.476562204157296
"8_D07",2,"Kdm4d.3",481.5997922,48.0756596121154,-0.0482547807918544
"8_D08",2,"Kdm3b.2",446.914529,43.6041553400884,-0.161013069724824
"8_D09",2,"Kdm1a.2",524.9260301,53.6887121291244,0.0925944445214132
"8_D10",2,"Jmjd5.3",510.4712801,51.8186864876512,0.0456035115838234
"8_D11",2,"Kdm5a.2",461.9029653,45.5297854582818,-0.112287176505458
"8_E02",2,"Kdm1b.2",392.8750715,36.8175342591679,-0.336689890380057
"8_E03",2,"Kdm2a.2",357.8143218,32.6114118847557,-0.450668848016426
"8_E04",2,"Jmjd5.4",489.2894133,49.0722795693025,-0.023256598919074
"8_E05",2,"Kdm4a.3",531.4158225,54.5259064152195,0.113692104421949
"8_E06",2,"Kdm3a.3",563.0869005,58.576005799135,0.216651581573693
"8_E07",2,"Kat5.2",439.8160871,42.697166579649,-0.184089387702256
"8_E08",2,"Jmjd6.3",578.738564,60.5470810605289,0.267533559462638
"8_E09",2,"Kdm4c.3",487.0331677,48.7797690173389,-0.0305914255802291
"8_E10",2,"Kdm3b.3",427.8900192,41.1822300406607,-0.222859830421641
"8_E11",2,"Kdm1a.3",500.9494931,50.5843953633289,0.0146491433406499
"8_F02",2,"Kat2a.3",363.0264051,33.2244114470053,-0.43372489140594
"8_F03",2,"Kdm5a.3",383.6127229,35.6883786564331,-0.366800850577028
"8_F04",2,"Kdm3a.4",396.6242625,37.2779137033442,-0.324501648947226
"8_F05",2,"Kat5.3",452.9011613,44.3717284370896,-0.141551132511707
"8_F06",2,"Kat2b.3",479.0989002,47.7517581703451,-0.0563849282005716
"8_F07",2,"Kdm4a.4",592.8288358,62.2988670340185,0.313339610568759
"8_F08",2,"Kdm2a.3",545.3913456,56.3214850905452,0.159125119089089
"8_F09",2,"Kdm1b.3",505.0959602,51.1220323558675,0.0281288892666618
"8_F10",2,"Kat2b.4",666.8842422,71.0240093635571,0.554086260341903
"8_F11",2,"Kdm4c.4",445.242058,43.3901373241781,-0.166450104097682
"8_G02",2,"Kdm3b.4",370.2238155,34.0783104051487,-0.4103268368266
"8_G03",2,"Kdm1b.4",588.7630867,61.7958053893199,0.300122270711677
"8_G04",2,"Jmjd6.4",441.4395926,42.9042843731755,-0.178811535226474
"8_G05",2,"Kdm5a.4",401.3248762,37.8576927646806,-0.309220428369754
"8_G06",2,"Kdm4d.4",472.4305799,46.8888983741153,-0.0780629642803147
"8_G07",2,"Kat5.4",433.858434,41.9388880370752,-0.203457116461834
"8_G08",2,"Kat2a.4",355.9508687,32.3933732105871,-0.456726745915349
"8_G09",2,"Kdm2b.4",484.8954246,48.5026819935687,-0.0375410125775755
"8_G10",2,"Kdm1a.4",574.9155639,60.0679142461144,0.255105372097274
"8_G11",2,"Kdm2a.4",565.0897199,58.8295499284587,0.223162545243871
"10_B02",2,"Mll1.1",462.8680232,45.6541810022079,-0.10914987070219
"10_B03",2,"Mta3.1",397.1047302,37.3370455912201,-0.322939696961243
"10_B04",2,"Mtf2.1",397.7673341,37.4186421732669,-0.320785638577038
"10_B05",2,"Mta2.1",369.5536554,33.9984489908129,-0.412505459654152
"10_B06",2,"Mll3.1",277.6972851,23.8504552674864,-0.711121245929092
"10_B07",2,"Nap1l1.1",506.0281717,51.2428796734294,0.0311594147396136
"10_B08",2,"Myst2.1",334.5835531,29.9378193843466,-0.526189731744637
"10_B09",2,"Msl3.1",611.4888998,64.5798435152085,0.374001594763237
"10_B10",2,"Mll2.1",509.6117415,51.7073200206787,0.0428092383719125
"10_B11",2,"Myst3.1",429.4370053,41.3780498314165,-0.217830734790068
"10_C02",2,"Myst2.2",374.5899267,34.6003438955358,-0.396133050106162
"10_C03",2,"Mll5.1",435.3747822,42.1316137970843,-0.198527621550042
"10_C04",2,"Mll1.2",363.8503882,33.3217387061946,-0.431046205534942
"10_C05",2,"Myst3.2",289.8130358,25.0876474024462,-0.671734163576768
"10_C06",2,"Myst1.1",332.5734323,29.7112175648701,-0.532724431529086
"10_C07",2,"Mtf2.2",358.1140435,32.6465374963811,-0.449694483028818
"10_C08",2,"Mll3.2",757.30193,80.1787985753864,0.848025035054832
"10_C09",2,"Myst4.1",484.1646182,48.4079732482373,-0.0399167904037407
"10_C10",2,"Mta3.2",489.6605256,49.1203975547154,-0.0220501502982665
"10_C11",2,"Mta1.1",392.3276993,36.7504763303776,-0.338469342141042
"10_D02",2,"Mll2.2",521.8145822,53.2867267042739,0.082479441521866
"10_D03",2,"Myst4.2",590.3108053,61.9875471316568,0.305153747626798
"10_D04",2,"Mta3.3",617.349522,65.2860158805541,0.393053885862893
"10_D05",2,"Morf4l1.1",467.7395689,46.2827465248739,-0.0933129674495494
"10_D06",2,"Mll5.2",540.2032883,55.6562390894598,0.142259268579003
"10_D07",2,"Myst4.3",556.4897507,57.7383733721572,0.195204913604269
"10_D08",2,"Myst1.2",607.6576375,64.1154542670807,0.361546547819802
"10_D09",2,"Msl3.2",653.4067998,69.5069701505818,0.510272455745585
"10_D10",2,"Mll1.3",609.4505694,64.3330411783056,0.367375188417153
"10_D11",2,"Nap1l1.2",389.8251864,36.4444135098267,-0.346604758932017
"10_E02",2,"Mta1.2",459.8302236,45.2627596256652,-0.11902545051377
"10_E03",2,"Mta2.2",463.9400922,45.7924201311304,-0.105664682616372
"10_E04",2,"Mll1.4",513.8846333,52.2607904321961,0.0566999782341292
"10_E05",2,"Myst2.3",422.7165808,40.5289885059146,-0.239678156363712
"10_E06",2,"Mtf2.3",466.1177566,46.073376487414,-0.0985853155030722
"10_E07",2,"Morf4l1.2",501.0456332,50.5968626089992,0.0149616850997058
"10_E08",2,"Mll2.3",349.8710461,31.6862082554011,-0.476491635385526
"10_E09",2,"Myst3.3",500.3043273,50.5007302044492,0.0125517744590417
"10_E10",2,"Myst1.3",460.2487403,45.3166591626688,-0.117664894974382
"10_E11",2,"Msl3.3",422.1737459,40.4605949655185,-0.241442857820471
"10_F02",2,"Mll3.3",349.8969402,31.6892061823082,-0.476407456280624
"10_F03",2,"Nap1l1.3",475.2791477,47.257339098422,-0.0688025579462047
"10_F04",2,"Mtf2.4",362.7456059,33.1912697887821,-0.434637741256413
"10_F05",2,"Morf4l1.3",324.9917166,28.8636706149285,-0.557371823840303
"10_F06",2,"Mll5.3",538.0220198,55.3760549511387,0.135168184900462
"10_F07",2,"Myst2.4",377.8465688,34.9916453093623,-0.385546035420828
"10_F08",2,"Mta2.3",467.3373106,46.2308066172384,-0.0946206685719409
"10_F09",2,"Mta1.3",447.4811771,43.6767093734961,-0.159170953958982
"10_F10",2,"Mll5.4",429.7653315,41.419637618151,-0.216763379460792
"10_F11",2,"Myst3.4",407.3776484,38.6082757047185,-0.289543477019041
"10_G02",2,"Myst1.4",346.4534986,31.2915982393486,-0.487601737281686
"10_G03",2,"Mta1.4",331.0780579,29.5431537658563,-0.537585742734536
"10_G04",2,"Mll2.4",598.748609,63.0275912526709,0.33258419559769
"10_G05",2,"Nap1l1.4",392.725098,36.7991571758551,-0.337177439087638
"10_G06",2,"Myst4.4",404.085789,38.1995149014114,-0.300244979591232
"10_G07",2,"Morf4l1.4",385.6782027,35.9391342068464,-0.360086184272475
"10_G08",2,"Mll3.4",254.6481716,21.591863273812,-0.78605158694152
"10_G09",2,"Mta3.4",396.4323049,37.2542975603992,-0.325125683725306
"10_G10",2,"Msl3.4",444.0516647,43.2379260327243,-0.170319952537098
"10_G11",2,"Mta2.4",399.4458479,37.6255949551765,-0.315328959671446
"13_B02",2,"Prdm10.1",555.3427044,57.5923651960581,0.191475981885657
"13_B03",2,"Prdm5.1",389.6283241,36.4203731505539,-0.347244738394633
"13_B04",2,"Prdm6.1",554.4401045,57.4773993251696,0.188541720734798
"13_B05",2,"Prdm4.1",582.9089325,61.0679700484834,0.281091006427029
"13_B06",2,"Prdm12.1",607.774362,64.1296337753851,0.361926007385113
"13_B07",2,"Prkcd.1",594.6116154,62.5188021649479,0.319135247063759
"13_B08",2,"Prdm9.1",603.3343495,63.5889126812401,0.347491974999249
"13_B09",2,"Prdm15.1",486.506624,48.7115142214301,-0.0323031659905032
"13_B10",2,"Prdm11.1",614.0098497,64.8842357410379,0.382196948379863
"13_B11",2,"Prkaa1.1",652.5802114,69.4127899189172,0.507585300307311
"13_C02",2,"Prdm9.2",406.3048948,38.4749270096723,-0.293030890670343
"13_C03",2,"Prdm13.1",510.3649257,51.8049073883922,0.0452577641666757
"13_C04",2,"Prdm10.2",493.1463762,49.5724217736781,-0.010718001919702
"13_C05",2,"Prkaa1.2",421.3889346,40.3617655913725,-0.243994200124348
"13_C06",2,"Prdm8.1",570.0186565,59.4519328940756,0.239186020518382
"13_C07",2,"Prdm6.2",355.2150413,32.3074411742476,-0.459118846505607
"13_C08",2,"Prdm12.2",538.71467,55.4650557039727,0.137419920772574
"13_C09",2,"Prkaa2.1",379.8179038,35.2292908307101,-0.37913742435647
"13_C10",2,"Prdm5.2",471.6070362,46.7824274460951,-0.0807402217062734
"13_C11",2,"Prdm2.1",534.5487644,54.9293660970634,0.12387698224552
"13_D02",2,"Prdm11.2",436.4444692,42.2676833130451,-0.195050177105744
"13_D03",2,"Prkaa2.2",502.3204402,50.762170913591,0.0191059539556438
"13_D04",2,"Prdm5.3",532.8678916,54.7129642324281,0.118412634469086
"13_D05",2,"Prdm14.1",580.6828368,60.7901662934796,0.273854194046922
"13_D06",2,"Prdm13.2",746.6448031,79.1999828969329,0.813379791417599
"13_D07",2,"Prkaa2.3",569.4631384,59.3819031815137,0.237380087258885
"13_D08",2,"Prdm8.2",603.7649596,63.6414746129447,0.34889184496112
"13_D09",2,"Prdm15.2",627.096426,66.4486921130319,0.424740086745864
"13_D10",2,"Prdm10.3",418.0114684,39.9371589655611,-0.254974001760708
"13_D11",2,"Prkcd.2",571.1546813,59.5950480374822,0.242879122453195
"13_E02",2,"Prdm2.2",326.5738327,29.0395896945936,-0.552228524125359
"13_E03",2,"Prdm4.2",416.8335654,39.7893526814669,-0.258803245495811
"13_E04",2,"Prdm10.4",438.9860059,42.5913468005832,-0.186787897880706
"13_E05",2,"Prdm9.3",470.7194203,46.6676988049578,-0.083625771385876
"13_E06",2,"Prdm6.3",508.2652007,51.5328284625137,0.0384317701742246
"13_E07",2,"Prdm14.2",475.4783148,47.2831090060292,-0.0681550858114756
"13_E08",2,"Prdm11.3",516.693264,52.6243634429192,0.0658305530880807
"13_E09",2,"Prkaa1.3",537.3156973,55.2852695053558,0.132872001761369
"13_E10",2,"Prdm8.3",543.5968201,56.0915718563013,0.153291297859023
"13_E11",2,"Prdm15.3",628.0491206,66.5615174598981,0.427837200708997
"13_F02",2,"Prdm12.3",374.2303418,34.5572377393914,-0.397302024313344
"13_F03",2,"Prkcd.3",566.1559243,58.9643750846078,0.226628668107163
"13_F04",2,"Prdm6.4",468.997331,46.4451902453431,-0.0892241098427046
"13_F05",2,"Prdm14.3",504.8494065,51.0900685777209,0.0273273680793556
"13_F06",2,"Prdm13.3",263.8704114,22.4803309129044,-0.756071016404072
"13_F07",2,"Prdm9.4",460.1810593,45.3079421378895,-0.117884919072492
"13_F08",2,"Prdm4.3",692.316158,73.7860336395765,0.636762851070364
"13_F09",2,"Prdm2.3",519.3476068,52.9677638311536,0.0744595535556206
"13_F10",2,"Prdm13.4",441.3956831,42.8986800454365,-0.17895428057799
"13_F11",2,"Prkaa1.4",560.5993038,58.2605947849516,0.208564655843019
"13_G02",2,"Prdm8.4",367.3218391,33.73300768155,-0.419760869127323
"13_G03",2,"Prdm2.4",522.0966344,53.32318105227,0.0833963647488396
"13_G04",2,"Prdm11.4",617.4213662,65.2946404604855,0.393287444103897
"13_G05",2,"Prkcd.4",570.0886733,59.4607572089704,0.239413638066475
"13_G06",2,"Prkaa2.4",521.8165682,53.2869833981188,0.0824858978073647
"13_G07",2,"Prdm14.4",706.8941077,75.306112977598,0.684154293794745
"13_G08",2,"Prdm12.4",433.8196083,41.933955861829,-0.203583334892797
"13_G09",2,"Prdm5.4",738.2777069,78.4118746878325,0.78617920639077
"13_G10",2,"Prdm15.4",675.6087169,71.9867738853189,0.582448646792266
"13_G11",2,"Prdm4.4",594.6810203,62.5273562227442,0.319360875386729
"control3_B02",3,"Bptf.1",199.8984946,39.0706665736546,-0.277477693702711
"control3_B03",3,"Bptf.2",192.6037776,37.8488430173203,-0.309453130019874
"control3_B04",3,"Bptf.3",237.7575218,45.5598987175916,-0.111527607734557
"control3_B05",3,"Bptf.4",198.4219465,38.8224368743679,-0.283949948862271
"control3_B06",3,"Whsc1.1",192.0510646,37.7567428812072,-0.311875875046607
"control3_B07",3,"Whsc1.2",185.0209652,36.5915318565852,-0.342691394780686
"control3_B08",3,"Whsc1.3",237.0947465,45.4447358475414,-0.114432796434508
"control3_B09",3,"Whsc1.4",300.6441122,56.5184622212441,0.164127522757652
"control3_B10",3,"Cd4.1",214.0431707,41.4697970951825,-0.215476359057042
"control3_B11",3,"Cd4.1",709.6047313,97.4811731765383,1.95675282025168
"control3_C02",3,"Mll2.1",166.1878707,33.5329479851289,-0.425243797271402
"control3_C03",3,"Mll2.2",142.1573071,29.7855405667533,-0.530578624661875
"control3_C04",3,"Mll2.3",216.9181886,41.9616721314571,-0.20287409473724
"control3_C05",3,"Mll2.4",94.88072292,23.0315159038059,-0.737809337894561
"control3_C06",3,"Brd8.1",175.3940474,35.0159558397562,-0.384889727772147
"control3_C07",3,"Brd8.2",214.2656244,41.5078091308293,-0.214501262405881
"control3_C08",3,"Brd8.3",112.2252082,25.4055452906574,-0.661782058902844
"control3_C09",3,"Brd8.4",163.3773716,33.0851457506194,-0.43756325188376
"control3_C10",3,"Cd4.2",214.6847299,41.5794458467743,-0.212664168352003
"control3_C11",3,"Cd4.2",1108.981384,99.9895287766828,3.70736805658925
"control3_D02",3,"Ncor1.1",148.3611128,30.7346788439891,-0.50338505511224
"control3_D03",3,"Ncor1.2",136.9287139,28.9961403538424,-0.553497477976534
"control3_D04",3,"Ncor1.3",145.3360635,30.2702011330386,-0.516644962418915
"control3_D05",3,"Ncor1.4",195.6694783,38.3609300612022,-0.29601503262688
"control3_D06",3,"Cxxcl.1",179.9418139,35.7572428187446,-0.364955189104495
"control3_D07",3,"Cxxcl.2",142.3578434,29.8160112645726,-0.529699600062301
"control3_D08",3,"Cxxcl.3",155.8006863,31.8900831259072,-0.47077465930441
"control3_D09",3,"Cxxcl.4",155.8779952,31.902185098004,-0.470435785869196
"control3_D10",3,"Cd4.3",258.4055311,49.1614944889848,-0.0210197639829289
"control3_D11",3,"Cd4.3",867.9085019,99.5983226947573,2.65065665991909
"control3_E02",3,"Smarca4.1",254.6679252,48.5081812520728,-0.0374030697964517
"control3_E03",3,"Smarca4.2",206.4504446,40.177395991739,-0.248758079223049
"control3_E04",3,"Smarca4.3",217.9064933,42.1310517434216,-0.198541990558722
"control3_E05",3,"Smarca4.4",156.3694402,31.9791612044552,-0.468281601093983
"control3_E06",3,"Klf2.1",154.1375434,31.6302032207469,-0.478064828324715
"control3_E07",3,"Klf2.2",202.959247,39.5866347128313,-0.264061286534509
"control3_E08",3,"Klf2.3",215.2849646,41.6820912462166,-0.210033118178953
"control3_E09",3,"Klf2.4",188.6413182,37.1901239841798,-0.32682205169347
"control3_E10",3,"Cd4.4",218.3720996,42.2108999059284,-0.196501066339932
"control3_E11",3,"Cd4.4",939.6063815,99.8486265172348,2.96493492228697
"control3_F02",3,"Runx3.1",111.654863,25.325489012992,-0.664282092368351
"control3_F03",3,"Runx3.2",889.5860649,99.69806946581,2.74567741743686
"control3_F04",3,"Runx3.3",747.0653226,98.3037264771473,2.12095641464971
"control3_F05",3,"Empty",517.5335719,86.7539230083388,1.11483405551297
"control3_F06",3,"Sp140.1",187.1902087,36.9498150330899,-0.333182800082541
"control3_F07",3,"Sp140.2",131.7382752,28.2223415617246,-0.576249086038915
"control3_F08",3,"Sp140.3",184.6310993,36.5272623792179,-0.34440032087853
"control3_F09",3,"Sp140.4",180.2915708,35.8144806780861,-0.363422075553628
"control3_F10",3,"Empty",75.60186163,20.5448621564917,-0.822315700711078
"control3_F11",3,"Empty",221.1086936,42.6808430912535,-0.184505565051406
"control3_G02",3,"Smarce1.1",162.9791457,33.0218891025806,-0.439308822946393
"control3_G03",3,"Smarce1.2",439.4078223,78.0055321953723,0.772380067090196
"control3_G04",3,"Smarce1.3",563.5403318,90.5996636122134,1.31649866036899
"control3_G05",3,"Smarce1.4",305.3192995,57.3236683955755,0.184620593809203
"control3_G06",3,"Wdr82.1",152.469768,31.3705073859994,-0.485375303301884
"control3_G07",3,"Wdr82.2",133.4876116,28.4820227313709,-0.568581099103234
"control3_G08",3,"Wdr82.3",116.9492068,26.0736968290029,-0.64107502991232
"control3_G09",3,"Wdr82.4",113.6808812,25.6104705105957,-0.655401307009369
"control3_G10",3,"Empty",40.7906329,16.4803404783286,-0.974906161366142
"control3_G11",3,"Empty",99.82971519,23.6959838216412,-0.716116078627132
"21_B02",3,"Satb1.3",297.5256357,55.9798393018422,0.150458089559308
"21_B06",3,"Setd7.2",241.1860043,46.1562013398054,-0.0964993038478869
"21_B09",3,"Smarcd2.3",318.1108598,59.5102585046861,0.24069072261198
"21_B10",3,"Setd3.1",177.4924385,35.3573052569678,-0.375691705287306
"21_C03",3,"Smarca2.3",185.657774,36.6965908216731,-0.339900026831716
"21_C04",3,"Scmh1.1",210.5366962,40.8717015554988,-0.230846530658285
"21_C08",3,"Sirt2",306.1127488,57.4600310876055,0.188098574869064
"21_C11",3,"Ube2a.1",129.1959791,27.8469927912861,-0.587392907936999
"21_D02",3,"Setd3.2",260.4410279,49.5173941234362,-0.0120974304226017
"21_D05",3,"Smarcc1.2",270.2857156,51.2387348202246,0.0310554683963259
"21_D06",3,"Smarcb1.1",233.5316605,44.826299222143,-0.13005111712955
"21_D09",3,"Smyd1.1",187.250533,36.9597948788678,-0.332918376416342
"21_D10",3,"Scmh1.2",202.9551497,39.5859427647502,-0.264079246512288
"21_E02",3,"Ube2a.2",162.4076505,32.9311940601427,-0.441813897286243
"21_E04",3,"Scmh1.3",220.5626847,42.5869941611419,-0.186898923534066
"21_E07",3,"Smarcc1.3",377.3773447,69.1630585797779,0.500477594900798
"21_E08",3,"Setd3.3",188.9591945,37.2428325163272,-0.32542868257615
"21_E11",3,"Smyd1.2",165.3080973,33.3925164752954,-0.429100168714631
"21_F02",3,"Smarca2.1",148.9621416,30.8273354808413,-0.500750524105871
"21_F05",3,"Smarcd2.1",444.9884507,78.7228606387745,0.796842020585301
"21_F06",3,"Smarcb1.2",160.3704287,32.6087108057139,-0.450743792158084
"21_F10",3,"Smarcc1.1",174.7737754,34.9152848574216,-0.387608608824738
"21_G04",3,"Setd7.1",175.6202647,35.052697476899,-0.38389813387344
"21_G07",3,"Smarcd2.2",214.0160541,41.4651640598775,-0.215595221120702
"21_G08",3,"Smarca2.2",139.5138717,29.3852154281413,-0.542165777431644
"21_G10",3,"Smyd1.3",152.7099978,31.4078580515951,-0.48432228744515
"17_B02",3,"Smyd4.1",142.3333924,29.8122952718106,-0.529806777817571
"17_B03",3,"Suv39h2.1",167.4535615,33.7353844123733,-0.419695807462803
"17_B04",3,"Suv420h1.1",142.741403,29.8743311436838,-0.528018316804343
"17_B05",3,"Suv39h1.1",154.7671839,31.7284840052596,-0.475304881679703
"17_B06",3,"Sp100.1",128.3828125,27.7274510050851,-0.590957317198324
"17_B07",3,"Tcea1.1",132.1668203,28.2858516746732,-0.574370614735082
"17_B08",3,"Suz12.1",147.1962312,30.5554468152651,-0.508491160999258
"17_B09",3,"Ssrp1.1",153.6183161,31.5492543369742,-0.480340793172327
"17_B10",3,"Smyd5.1",154.9390219,31.7553286863471,-0.474551652318527
"17_B11",3,"Taf1.1",126.9049,27.5108311398362,-0.597435553026539
"17_C02",3,"Suz12.2",219.6051741,42.4225172770118,-0.191096045809448
"17_C03",3,"Sp110.1",191.0112194,37.583659459065,-0.316433900254755
"17_C04",3,"Smyd4.2",190.9206384,37.568593913214,-0.316830950201592
"17_C05",3,"Taf1.2",133.9337962,28.5484388608454,-0.566625307362033
"17_C06",3,"Suv420h2.1",193.0922867,37.9303021969651,-0.307311814377691
"17_C07",3,"Suv420h1.2",232.2260226,44.5999889907805,-0.135774209817687
"17_C08",3,"Sp100.2",223.3211968,43.0615507530896,-0.174807347125595
"17_C09",3,"Taf3.1",137.345023,29.0586328677374,-0.551672641575711
"17_C10",3,"Suv39h2.2",194.1968199,38.1146809174279,-0.302470237796064
"17_C11",3,"Supt16h.1",151.4419624,31.210921194931,-0.489880554500693
"17_D02",3,"Smyd5.2",200.0823027,39.1015988752866,-0.276671994976341
"17_D03",3,"Taf3.2",181.9474251,36.0858929401939,-0.356163855156572
"17_D04",3,"Suv39h2.3",318.8165491,59.6300951094111,0.243784019208935
"17_D05",3,"Sp140.1",200.3899267,39.1533830595673,-0.275323565472958
"17_D06",3,"Sp110.2",187.493456,36.9999921150971,-0.331853555270233
"17_D07",3,"Taf3.3",125.6523325,27.3278953142431,-0.602926018568821
"17_D08",3,"Suv420h2.2",170.4708222,34.2198632876311,-0.406470040463873
"17_D09",3,"Ssrp1.2",126.7566932,27.4891543123898,-0.598085198118346
"17_D10",3,"Smyd4.3",112.4968985,25.4437276228639,-0.660591140065878
"17_D11",3,"Tcea1.2",119.7166304,26.4692731381566,-0.62894439111106
"17_E02",3,"Supt16h.2",173.1918655,34.6590202864278,-0.394542703631561
"17_E03",3,"Suv39h1.2",197.1812309,38.6142061284529,-0.289388463153574
"17_E04",3,"Smyd4.4",127.2956149,27.5680176852187,-0.595722905448419
"17_E05",3,"Suz12.3",168.6798619,33.9319708458405,-0.414320480312221
"17_E06",3,"Suv420h1.3",218.1747438,42.1770508632607,-0.197366149634421
"17_E07",3,"Sp140.2",145.7030683,30.3263846298571,-0.515036244957978
"17_E08",3,"Smyd5.3",130.1278253,27.9842894040678,-0.583308282196824
"17_E09",3,"Taf1.3",98.15011479,23.469301391988,-0.723478386942654
"17_E10",3,"Suv420h2.3",169.0082246,33.9846847829354,-0.412881145434283
"17_E11",3,"Ssrp1.3",153.3402333,31.5059368562683,-0.481559732695588
"17_F02",3,"Sp100.3",212.8696355,41.2694008981582,-0.220620396865986
"17_F03",3,"Tcea1.3",250.3680976,47.7571006013245,-0.0562508007774592
"17_F04",3,"Suv420h1.4",216.5231564,41.8940113867062,-0.204605666634317
"17_F05",3,"Sp140.3",176.6088377,35.2134227185168,-0.379564853637021
"17_F06",3,"Sp110.3",199.2600259,38.9632751702111,-0.280276337605874
"17_F07",3,"Suz12.4",197.7429121,38.7084335108581,-0.28692640719703
"17_F08",3,"Suv39h1.3",204.1675756,39.7908383812273,-0.258764736414812
"17_F09",3,"Supt16h.3",162.3433282,32.9209925240601,-0.44209584566168
"17_F10",3,"Sp110.4",259.7045572,49.3886188274097,-0.0153256532539064
"17_F11",3,"Taf1.4",136.2887782,28.900202133954,-0.556302552282012
"17_G02",3,"Suv420h2.4",168.817277,33.9540270569262,-0.413718139223585
"17_G03",3,"Supt16h.4",162.5009183,32.9459886184407,-0.441405070103592
"17_G04",3,"Smyd5.4",175.2487285,34.9923609084006,-0.385526714132636
"17_G05",3,"Tcea1.4",157.7131817,32.190030178291,-0.46239148626705
"17_G06",3,"Taf3.4",98.50164672,23.5166454393092,-0.721937492780322
"17_G07",3,"Sp140.4",163.3809886,33.0857205188487,-0.437547397238109
"17_G08",3,"Sp100.4",165.8685557,33.4819514343486,-0.426643472741693
"17_G09",3,"Suv39h2.4",143.5200514,29.9928830849313,-0.524605213550624
"17_G10",3,"Ssrp1.4",115.2616486,25.833978634377,-0.648472220201622
"17_G11",3,"Suv39h1.4",127.620187,27.615567707347,-0.594300186168991
"19_B02",3,"Wbp7.1",149.3435767,30.886202285117,-0.499078553315342
"19_B03",3,"Arid1b.1",212.149619,41.14656102802,-0.223776494867191
"19_B04",3,"Brd7.2",221.717004,42.7854493011329,-0.181839116105372
"19_B05",3,"Actb",197.5871704,38.6822996598157,-0.28760908053587
"19_B06",3,"Wdr82.1",120.7434203,26.6168152146808,-0.624443592100138
"19_B07",3,"Eaf1.1",165.0764002,33.355570993798,-0.43011578259875
"19_B08",3,"Cecr2.1",206.3463122,40.1597420330329,-0.24921452995647
"19_B09",3,"Zmynd11.1",212.1435369,41.1455237468116,-0.223803154955749
"19_B10",3,"Wdr5.1",226.434848,43.5984060507393,-0.161159064997658
"19_B11",3,"Chd7.2",181.9983468,36.0942507510507,-0.355940646555674
"19_C02",3,"Cecr2.2",157.2023212,32.109794435239,-0.464630776342965
"19_C03",3,"Whsc1.1",196.25674,38.4592603390471,-0.293440847899788
"19_C04",3,"Wbp7.2",220.1653692,42.5187292560401,-0.188640503977567
"19_C05",3,"Chd7.3",204.4136047,39.8324510037167,-0.257686300086272
"19_C06",3,"Brdt.3",187.3634634,36.978480059245,-0.332423360802512
"19_C07",3,"Brd7.3",202.3381697,39.4817853486384,-0.266783697514152
"19_C08",3,"Wdr82.2",128.2099922,27.7020774597909,-0.591714852342862
"19_C09",3,"Clock.3",156.9820767,32.0752285587865,-0.465596189255344
"19_C10",3,"Arid1b.2",225.768719,43.4834494689163,-0.164078954202203
"19_C11",3,"Zmynd8.1",211.8465772,41.0948858343858,-0.225104838897171
"19_D02",3,"Wdr5.2",170.480674,34.2214494983689,-0.406426856389219
"19_D03",3,"Dpy30.1",221.1940671,42.6955209929339,-0.184131341498604
"19_D04",3,"Arid1b.3",168.0366443,33.8288026132408,-0.417139940396399
"19_D05",3,"Whsc1l1.1",140.6384314,29.5552159462387,-0.537236417310861
"19_D06",3,"Whsc1.2",174.1487799,34.8139544979488,-0.390348194720773
"19_D07",3,"Dpy30.2",356.4685302,65.8666521262437,0.408826545722039
"19_D08",3,"Cbx2.1",138.7585739,29.2712910312179,-0.545476526389334
"19_D09",3,"Zmynd11.2",164.1643608,33.2102979433792,-0.434113587825937
"19_D10",3,"Wbp7.3",169.8267469,34.1162230522569,-0.409293260163638
"19_D11",3,"Eaf1.2",140.6955821,29.5638675215074,-0.536985904704501
"19_E02",3,"Zmynd8.2",153.0945668,31.4676900694827,-0.48263657961453
"19_E03",3,"Actl6a",158.7712197,32.3564695987804,-0.457753715303469
"19_E04",3,"Wbp7.4",205.5633671,40.0270709453389,-0.252646467231746
"19_E05",3,"Cecr2.3",194.0172469,38.0846864626445,-0.303257372516408
"19_E06",3,"Brdt.1",137.9601663,29.1510877273613,-0.548976241507678
"19_E07",3,"Whsc1l1.2",190.2533592,37.4576697383374,-0.319755881157155
"19_E08",3,"Wdr5.3",216.7249517,41.9285717141766,-0.203721123373179
"19_E09",3,"Clock.1",201.0647731,39.2670512213637,-0.272365464687545
"19_E10",3,"Cbx2.2",159.6371573,32.4929531460725,-0.453957991276967
"19_E11",3,"Zmynd11.3",138.55524,29.2406564981758,-0.546367813902005
"19_F02",3,"Wdr82.3",107.3791332,24.7295777390478,-0.683024193800017
"19_F03",3,"Eaf1.3",160.2225678,32.5853552514314,-0.451391921042556
"19_F04",3,"Brdt.2",237.8113809,45.5692588488014,-0.111291523425577
"19_F05",3,"Whsc1l1.3",119.2551391,26.4030960103455,-0.63096727776644
"19_F06",3,"Whsc1.3",168.6350136,33.9247735296762,-0.41451706695987
"19_F07",3,"Chd7.1",221.2569182,42.706327360957,-0.183855841935631
"19_F08",3,"Arid1a.1",149.4923858,30.909181296684,-0.49842626812039
"19_F09",3,"Zmynd8.3",199.948525,39.0790852977356,-0.277258391998598
"19_F10",3,"Whsc1.4",177.1188654,35.2964482160695,-0.377329214030805
"19_F11",3,"Clock.2",134.2706396,28.5986279659358,-0.565148798446669
"19_G02",3,"Cbx2.3",162.8642134,33.0036415600059,-0.439812613626612
"19_G03",3,"Zmynd8.4",175.1542533,34.9770244013626,-0.38594083379501
"19_G04",3,"Wdr5.4",147.043263,30.5319451364008,-0.509161677064193
"19_G05",3,"Fbxo17.1",171.2536054,34.3459835947679,-0.403038812856038
"19_G06",3,"Dpy30.3",172.091865,34.4812356316956,-0.399364411716549
"19_G07",3,"Whsc1l1.4",129.651189,27.9140216207862,-0.585397554975617
"19_G08",3,"Wdr82.4",89.62169688,22.3369871409824,-0.760861589576473
"19_G09",3,"Brd7.1",185.5871394,36.684932789032,-0.340209644347253
"19_G10",3,"Zmynd11.4",142.7630907,29.8776302865065,-0.527923251612614
"19_G11",3,"Arid1a.2",213.0171063,41.2945710471196,-0.219973977933759
"15_B02",3,"Rpa3.1",250.2384295,47.7344616038319,-0.0568191839064987
"15_B03",3,"Setdb1.1",105.552837,24.4773493765775,-0.691029523936796
"15_B04",3,"Setdb2.1",155.7577043,31.8833555380784,-0.470963065270506
"15_B05",3,"Setd8.1",146.8924334,30.5087798817168,-0.509822818856197
"15_B06",3,"Scml4.1",135.9163322,28.8444344107646,-0.557935120530318
"15_B07",3,"Sin3b.1",158.9775227,32.3889643168065,-0.456849413129918
"15_B08",3,"Sfmbt1.1",133.0888237,28.4227242305145,-0.570329133619241
"15_B09",3,"Setd4.1",153.5683134,31.5414634501386,-0.480559973457119
"15_B10",3,"Scml2.1",140.7160492,29.5669661508116,-0.536896189852965
"15_B11",3,"Sfmbt2.1",252.9633671,48.2103560843669,-0.0448747769203135
"15_C02",3,"Sfmbt1.2",143.223891,29.9477665374337,-0.525903393865209
"15_C03",3,"Setd1a.1",185.4597408,36.6639091307331,-0.340768079420361
"15_C04",3,"Rpa3.2",234.4869271,44.9919856754661,-0.12586383113419
"15_C05",3,"Sfmbt2.2",177.3441602,35.3331454446678,-0.376341663789996
"15_C06",3,"Setmar.1",209.088107,40.6252279811907,-0.237196231642481
"15_C07",3,"Setdb2.2",160.2821389,32.594764058065,-0.451130798929883
"15_C08",3,"Scml4.2",151.7613996,31.2604822754438,-0.488480343382711
"15_C09",3,"Sin3a.1",210.0805167,40.7940443893536,-0.232846133734244
"15_C10",3,"Setdb1.2",195.4221782,38.3195448551378,-0.297099040217411
"15_C11",3,"Setd5.1",214.2434217,41.5040148607797,-0.214598585032642
"15_D02",3,"Scml2.2",119.7068046,26.4678632554834,-0.62898746121812
"15_D03",3,"Sin3a.2",187.3992122,36.9843956068808,-0.332266660621022
"15_D04",3,"Setdb1.3",150.8944401,31.1260515122625,-0.492280546773989
"15_D05",3,"Setd2.1",165.4663167,33.4177547555722,-0.428406634702436
"15_D06",3,"Setd1a.2",173.5527476,34.7174208171506,-0.392960824223963
"15_D07",3,"Sin3a.3",155.4665445,31.8377986268816,-0.4722393261101
"15_D08",3,"Setmar.2",183.9571015,36.416242988256,-0.347354701937015
"15_D09",3,"Setd4.2",145.9938639,30.3709345973208,-0.513761580541372
"15_D10",3,"Rpa3.3",160.6607278,32.6545852087643,-0.449471304084184
"15_D11",3,"Sin3b.2",135.4755848,28.7785052677361,-0.559867079017625
"15_E02",3,"Setd5.2",166.7315822,33.619851844775,-0.422860509140669
"15_E03",3,"Setd8.2",175.6530826,35.0580288392068,-0.383754280908135
"15_E04",3,"Rpa3.4",148.007799,30.6802680711443,-0.504933759868281
"15_E05",3,"Sfmbt1.3",111.3800398,25.2869609731968,-0.665486743862038
"15_E06",3,"Setdb2.3",146.5903641,30.4624098681684,-0.51114690005983
"15_E07",3,"Setd2.2",164.9208568,33.3307777230112,-0.430797586715518
"15_E08",3,"Scml2.3",163.8542333,33.1609569710441,-0.435472991093596
"15_E09",3,"Sfmbt2.3",200.709517,39.2072019665529,-0.273922683261183
"15_E10",3,"Setmar.3",108.2300069,24.8475640187965,-0.679294500405701
"15_E11",3,"Setd4.3",173.7872796,34.7553939444823,-0.391932783927083
"15_F02",3,"Scml4.3",191.6023231,37.6820189550335,-0.313842874623988
"15_F03",3,"Sin3b.3",201.6678158,39.3687026251016,-0.26972210601436
"15_F04",3,"Setdb2.4",167.1577277,33.6880258745667,-0.420992556169074
"15_F05",3,"Setd2.3",210.7350381,40.9054772502434,-0.229977124923632
"15_F06",3,"Setd1a.3",165.9730243,33.4986323593724,-0.426185548319616
"15_F07",3,"Sfmbt1.4",141.2630944,29.6498416501597,-0.534498288885017
"15_F08",3,"Setd8.3",101.9658768,23.9860150671998,-0.706752494059873
"15_F09",3,"Setd5.3",149.4486511,30.9024270350222,-0.498617973448328
"15_F10",3,"Setd1a.4",148.4534823,30.7489108652186,-0.502980165509956
"15_F11",3,"Sfmbt2.4",338.6686938,62.9603463986373,0.330803294749571
"15_G02",3,"Setmar.4",164.0338563,33.1895312553586,-0.434685637204803
"15_G03",3,"Setd5.4",172.7300111,34.5843328665999,-0.396567181888223
"15_G04",3,"Scml2.4",180.114291,35.7854647724371,-0.364199158332195
"15_G05",3,"Sin3b.4",163.1538016,33.0496265580023,-0.438543241689729
"15_G06",3,"Sin3a.4",193.3704451,37.9767092543009,-0.306092543471734
"15_G07",3,"Setd2.4",256.9822864,48.9126829955801,-0.0272583706716586
"15_G08",3,"Scml4.4",639.1298499,95.0306774758953,1.64783541027329
"15_G09",3,"Setdb1.4",126.2068478,27.4088071682653,-0.600495373396151
"15_G10",3,"Setd4.4",119.8604451,26.4899131662636,-0.628313998214211
"15_G11",3,"Setd8.4",154.74561,31.725114390614,-0.475399448044041
"18_B02",3,"Tdg.1",150.2114212,31.0203194569337,-0.495274470642505
"18_B03",3,"Ube2b.1",192.4765577,37.8276378666045,-0.310010781784943
"18_B04",3,"Ube2e1.1",216.636444,41.9134127380183,-0.204109085281082
"18_B05",3,"Trim66.1",200.6966367,39.2050325279188,-0.273979142368835
"18_B06",3,"Tet2.1",191.232942,37.6205446241455,-0.315462008284665
"18_B07",3,"Usp51.1",218.6633472,42.2608630977756,-0.195224420640541
"18_B08",3,"Uhrf1.1",168.8487498,33.9590794643395,-0.413580182327914
"18_B09",3,"Trim28.1",194.8216823,38.2191085514046,-0.299731235326443
"18_B10",3,"Tet1.1",157.3649637,32.1353300256957,-0.463917854251372
"18_B11",3,"Usp22.1",136.9856211,29.0046790228791,-0.553248032720524
"18_C02",3,"Uhrf1.2",202.5255529,39.5134111213444,-0.265962327805292
"18_C03",3,"Tet3.1",299.0720772,56.2470852430544,0.157236713281307
"18_C04",3,"Tdg.2",172.9014498,34.6120495881796,-0.395815702806286
"18_C05",3,"Usp22.2",199.5807626,39.0172130927196,-0.278870430299885
"18_C06",3,"Ube2i.1",102.3991275,24.0450737485842,-0.704853396374902
"18_C07",3,"Ube2e1.2",612.7074623,93.7240798170481,1.53201633572232
"18_C08",3,"Tet2.2",187.5764957,37.0137362168638,-0.33148956162399
"18_C09",3,"Usp27x.1",258.2768044,49.1389890135347,-0.0215840206083976
"18_C10",3,"Ube2b.2",155.7432455,31.8810925656668,-0.471026443526115
"18_C11",3,"Trim33.1",166.1757258,33.5310078146504,-0.425297032849496
"18_D02",3,"Tet1.2",244.1367346,46.6701082506146,-0.0835651641414701
"18_D03",3,"Usp27x.2",291.8947953,55.0045395122142,0.125776038340281
"18_D04",3,"Ube2b.3",299.8490972,56.3812580649545,0.160642678656957
"18_D05",3,"Trim24.1",400.7324863,72.6696357819113,0.602851798438664
"18_D06",3,"Tet3.2",250.5494401,47.7887627418742,-0.0554559096856807
"18_D07",3,"Usp27x.3",192.2881015,37.7962325216729,-0.310836854848733
"18_D08",3,"Ube2i.2",205.2135073,39.9678238205064,-0.254180031831282
"18_D09",3,"Trim28.2",329.1909737,61.3808388467733,0.289258950330254
"18_D10",3,"Tdg.3",219.0096863,42.3202933772927,-0.193706288568221
"18_D11",3,"Usp51.2",185.0813497,36.6014896258231,-0.342426707235673
"18_E02",3,"Trim33.2",213.0912058,41.3072196175,-0.219649172482994
"18_E03",3,"Trim66.2",124.2410392,27.1225023227999,-0.609112237861357
"18_E04",3,"Tdg.4",187.0857556,36.9325367491744,-0.333640656562399
"18_E05",3,"Uhrf1.3",202.5745177,39.5216763401628,-0.265747697019179
"18_E06",3,"Ube2e1.3",207.3093102,40.3230788512048,-0.244993354382071
"18_E07",3,"Trim24.2",180.306957,35.8169993693704,-0.363354632161614
"18_E08",3,"Tet1.3",190.4235743,37.4859553766528,-0.319009765565519
"18_E09",3,"Usp22.3",188.7964491,37.2158439603524,-0.326142055716412
"18_E10",3,"Ube2i.3",422.3903736,75.7344579126126,0.697786310103126
"18_E11",3,"Trim28.3",169.5771413,34.0760903521031,-0.410387373611385
"18_F02",3,"Tet2.3",148.7957879,30.8016775677688,-0.501479713756474
"18_F03",3,"Usp51.3",282.0497875,53.2923841393278,0.0826217364049381
"18_F04",3,"Ube2e1.4",274.3701056,51.9523957976193,0.0489588568813704
"18_F05",3,"Trim24.3",154.4907219,31.6853150431718,-0.476516716638498
"18_F06",3,"Tet3.3",237.0991547,45.4455016845573,-0.114413473667309
"18_F07",3,"Uhrf1.4",193.070397,37.9266509265526,-0.307407765009956
"18_F08",3,"Trim66.3",187.3601488,36.977931590031,-0.332437889917379
"18_F09",3,"Trim33.3",187.4701035,36.9961272852907,-0.331955917894664
"18_F10",3,"Tet3.4",182.8087207,36.227347060425,-0.352388478728939
"18_F11",3,"Usp22.4",139.3716628,29.3637498598452,-0.542789131514562
"18_G02",3,"Ube2i.4",159.5553555,32.4800499777069,-0.454316558750733
"18_G03",3,"Trim33.4",309.1590212,57.9827229574431,0.201451510854234
"18_G04",3,"Tet1.4",207.3773587,40.3346271751968,-0.244695072697089
"18_G05",3,"Usp51.4",318.9167158,59.6470976180949,0.244223086815938
"18_G06",3,"Usp27x.4",261.2792798,49.6639723759019,-0.0084230630350539
"18_G07",3,"Trim24.4",167.5403051,33.7492756478771,-0.419315578256142
"18_G08",3,"Tet2.4",187.2096928,36.9530383198282,-0.333097394082727
"18_G09",3,"Ube2b.4",149.9980932,30.9873281280859,-0.496209565983238
"18_G10",3,"Trim28.4",172.2011988,34.4988911654529,-0.398885161327642
"18_G11",3,"Trim66.4",203.9382545,39.7520621535926,-0.259769935414202
"16_B02",3,"Sirt1.1",127.2507386,27.5614464468251,-0.595919614830401
"16_B03",3,"Smarca5.1",237.1111021,45.4475773160365,-0.114361103804591
"16_B04",3,"Smarcc2.1",156.2277481,31.9569596776655,-0.468902689851805
"16_B05",3,"Smarca4.1",232.1552579,44.5877280841719,-0.13608439760953
"16_B06",3,"Sirt4.1",131.1376916,28.1334511080282,-0.578881665569407
"16_B07",3,"Smyd3.1",167.2420447,33.7015211262248,-0.420622963645614
"16_B08",3,"Smarcd3.1",141.1067461,29.6261445483901,-0.535183621175488
"16_B09",3,"Sirt7.1",140.9515837,29.6026357802122,-0.535863755228669
"16_B10",3,"Sirt3.1",119.572903,26.4486538135187,-0.629574401339795
"16_B11",3,"Smarce1.1",162.3936105,32.9289672034814,-0.441875439786917
"16_C02",3,"Smarcd3.2",190.0865754,37.4299608438909,-0.320486956094762
"16_C03",3,"Sirt5.1",193.0549305,37.9240711309146,-0.307475560386501
"16_C04",3,"Sirt1.2",124.3334581,27.135928951829,-0.608707131720645
"16_C05",3,"Smarce1.2",370.1959251,68.0464747005243,0.468998782893886
"16_C06",3,"Smarcd1.1",124.1601777,27.1107574713856,-0.609466683653258
"16_C07",3,"Smarcc2.2",144.5950578,30.1569055038122,-0.519893063828607
"16_C08",3,"Sirt4.2",139.7960345,29.4278276610231,-0.540928953762889
"16_C09",3,"Smyd2.1",110.5456076,25.1701694913969,-0.669144368095041
"16_C10",3,"Smarca5.2",168.8494749,33.9591958698562,-0.413577003947056
"16_C11",3,"Smarca1.1",117.0904082,26.0938063012022,-0.640456092073663
"16_D02",3,"Sirt3.2",179.1110667,35.6214192508971,-0.368596660622754
"16_D03",3,"Smyd2.2",172.7783143,34.5921412738121,-0.396355451139036
"16_D04",3,"Smarca5.3",178.2149397,35.4751106703371,-0.372524715929161
"16_D05",3,"Sirt6.1",246.9778268,47.1654464584637,-0.0711116086831446
"16_D06",3,"Sirt5.2",138.5782439,29.2441215458689,-0.546266979320006
"16_D07",3,"Smyd2.3",72.70038308,20.1849296202041,-0.835033951823649
"16_D08",3,"Smarcd1.2",103.5326006,24.199957363406,-0.699884965532929
"16_D09",3,"Sirt7.2",159.8669846,32.5292166454953,-0.452950573416192
"16_D10",3,"Sirt1.3",119.9288634,26.4997353087537,-0.628014095559375
"16_D11",3,"Smyd3.2",135.8373176,28.8326097861775,-0.558281470678024
"16_E02",3,"Smarca1.2",149.641806,30.9322621920852,-0.497771304248646
"16_E03",3,"Smarca4.2",214.0102641,41.4641748186978,-0.215620600827177
"16_E04",3,"Sirt1.4",130.8815467,28.0955810748632,-0.580004443182016
"16_E05",3,"Smarcd3.3",174.3922993,34.8534233926795,-0.389280759333397
"16_E06",3,"Smarcc2.3",124.3424783,27.137239584969,-0.608667592855647
"16_E07",3,"Sirt6.2",123.6162454,27.0318191718208,-0.611850939631865
"16_E08",3,"Sirt3.3",122.4042834,26.8563471650753,-0.617163416284465
"16_E09",3,"Smarce1.3",282.5658981,53.3823209731892,0.0848840396064077
"16_E10",3,"Smarcd1.3",72.91497566,20.2114201417964,-0.834093313362154
"16_E11",3,"Sirt7.3",149.5357193,30.915874234722,-0.498236321400092
"16_F02",3,"Sirt4.3",153.3858932,31.5130476418439,-0.481359588505662
"16_F03",3,"Smyd3.3",155.2941729,31.8108410849899,-0.472994894436971
"16_F04",3,"Smarcc2.4",186.9143249,36.9041849755182,-0.334392100577384
"16_F05",3,"Sirt6.3",158.9617182,32.386474479996,-0.456918690085183
"16_F06",3,"Sirt5.3",131.6886662,28.214993973826,-0.576466540591334
"16_F07",3,"Smarcd3.4",118.1913223,26.2508681913289,-0.635630379342763
"16_F08",3,"Smarca4.3",197.2952099,38.6333217829982,-0.288888851139017
"16_F09",3,"Smarca1.3",243.7531414,46.6032674085361,-0.0852465946806256
"16_F10",3,"Sirt5.4",132.8806733,28.3917963857679,-0.571241533628671
"16_F11",3,"Smarce1.4",209.7481006,40.7374786875527,-0.234303236160061
"16_G02",3,"Smarcd1.4",110.5118915,25.1654564053509,-0.669292158202376
"16_G03",3,"Smarca1.4",106.242453,24.5724286587828,-0.68800668254469
"16_G04",3,"Sirt3.4",139.769922,29.4238829524465,-0.541043414485742
"16_G05",3,"Smyd3.4",132.1779051,28.2874953453064,-0.574322025966459
"16_G06",3,"Smyd2.4",202.6132402,39.5282130008387,-0.265577962013312
"16_G07",3,"Sirt6.4",151.9600498,31.2913202077426,-0.487609586255397
"16_G08",3,"Sirt4.4",163.9977051,33.18377956449,-0.434844101253975
"16_G09",3,"Smarca5.4",248.3105262,47.3979555582127,-0.0652698954549794
"16_G10",3,"Sirt7.4",369.1364915,67.880324974617,0.464354894500537
"16_G11",3,"Smarca4.4",288.4731092,54.4103616184834,0.110777525582641
"20_B02",3,"Fbxo17.2",201.353383,39.3156914275202,-0.271100381000549
"20_B03",3,"Padi2.1",140.1048616,29.4744994238566,-0.539575250628269
"20_B04",3,"Paf1.1",125.626243,27.3240913926052,-0.603040378474188
"20_B05",3,"Kdm4b.3",129.8768054,27.9472722722846,-0.584408595043339
"20_B06",3,"Gtf2h1.1",95.61169396,23.1289978355847,-0.734605222102377
"20_B07",3,"Rnf2.2",141.9941061,29.7607533057654,-0.53129399486505
"20_B08",3,"Phc3.1",120.823906,26.6283979857447,-0.624090793578304
"20_B09",3,"Iws1.1",115.274711,25.8358297570543,-0.648414962882476
"20_B10",3,"Fkbp2.3",142.3974252,29.8220272400471,-0.529526098427458
"20_B11",3,"Phf10.2",129.9992388,27.9653241779909,-0.58387192427396
"20_C02",3,"Phc3.2",147.6657544,30.6276332873545,-0.506433067562456
"20_C03",3,"H2afz.2",193.3315983,37.9702271363803,-0.306262823330367
"20_C04",3,"Fbxo17.3",201.3125391,39.308806879514,-0.271279414885399
"20_C05",3,"Phf10.3",203.1500346,39.6188583696551,-0.263224994084246
"20_C06",3,"Parp2.2",254.9367695,48.5551625071189,-0.0362246260276418
"20_C07",3,"Paf1.2",228.9709776,44.0365631800885,-0.150042273144475
"20_C08",3,"Gtf2h1.2",184.0351719,36.4290967528622,-0.347012490566313
"20_C09",3,"Prdm16.1",266.070161,50.5017419463933,0.0125771370705424
"20_C10",3,"Padi2.2",165.6675019,33.4498575316747,-0.427524765734722
"20_C11",3,"Jmjd8.2",184.6915691,36.5372283651456,-0.344135259432142
"20_D02",3,"Fkbp5.1",235.7005571,45.2026096348447,-0.120544043022109
"20_D03",3,"Prdm16.2",197.9981708,38.7512776326228,-0.285807514126024
"20_D04",3,"Padi2.3",196.1793132,38.4462918386178,-0.293780238134206
"20_D05",3,"Hdac11.3",249.619861,47.6264747546924,-0.0595305978900094
"20_D06",3,"H2afz.3",274.509349,51.9767159171525,0.0495692120835372
"20_D07",3,"Prdm16.3",237.5773281,45.528584788734,-0.112317463212035
"20_D08",3,"Parp2.3",268.1027737,50.8571344835948,0.0214868285563544
"20_D09",3,"Iws1.2",343.0625215,63.6854314641794,0.350063062854343
"20_D10",3,"Fkbp2.1",180.453065,35.8409200419701,-0.362714186884651
"20_D11",3,"Rnf2.3",217.4114798,42.0461959408653,-0.20071181738619
"20_E02",3,"Jmjd8.3",194.0110429,38.0836503233552,-0.303284566937646
"20_E03",3,"Mecp2.1",190.2328546,37.4542628241622,-0.319845760385027
"20_E04",3,"Fkbp2.2",177.7120667,35.3931013466082,-0.374728993845237
"20_E05",3,"Phc3.3",173.1828009,34.657553856413,-0.394582437118143
"20_E06",3,"Paf1.3",168.7827036,33.9484772348029,-0.413869687193159
"20_E07",3,"Hdac5.1",184.28247,36.4698227861723,-0.345928491742519
"20_E08",3,"Fkbp5.2",209.5879736,40.7102375043336,-0.235005131886949
"20_E09",3,"Phf17.1",208.0609747,40.4506883755695,-0.241698531518947
"20_E10",3,"Phc2.1",164.6750246,33.2916074704405,-0.431875159958703
"20_E11",3,"Iws1.3",202.1427406,39.4488090040502,-0.2676403353716
"20_F02",3,"Gtf2h1.3",224.0740773,43.1912487095776,-0.171507194085774
"20_F03",3,"Satb1.1",247.9357482,47.332560696481,-0.0669126857197798
"20_F04",3,"Parp2.1",241.7195693,46.2490834223403,-0.0941604915706503
"20_F05",3,"Hdac5.2",214.8323349,41.6046822991091,-0.212017161171656
"20_F06",3,"Hdac11.1",193.2265888,37.9527065628131,-0.306723118716733
"20_F07",3,"Phf10.1",192.4073929,37.8161109405939,-0.310313956624733
"20_F08",3,"Mecp2.2",243.8344979,46.6174429266383,-0.0848899791210724
"20_F09",3,"Kdm4b.1",189.4052508,37.3168354521874,-0.323473453221191
"20_F10",3,"Hdac11.2",195.0879518,38.2636338805309,-0.298564077856118
"20_F11",3,"Phf17.2",157.2111658,32.1111828591264,-0.464592007197561
"20_G02",3,"Phc2.2",194.4493339,38.1568709393795,-0.301363375757935
"20_G03",3,"Kdm4b.2",171.3800672,34.3663752504509,-0.402484484123004
"20_G04",3,"Fkbp5.3",203.5521586,39.6867995447136,-0.261462336210938
"20_G05",3,"Satb1.2",136.7605907,28.9709211121676,-0.554234423998571
"20_G06",3,"Rnf2.1",168.7914889,33.9498874435754,-0.413831177981537
"20_G07",3,"Hdac5.3",169.8693041,34.1230673832422,-0.40910671625269
"20_G08",3,"H2afz.1",197.664205,38.6952256199051,-0.287271409458771
"20_G09",3,"Padi3",115.3623864,25.8482563520152,-0.648030649252587
"20_G10",3,"Jmjd8.1",168.8550678,33.9600937434505,-0.41355248820261
"20_G11",3,"Mecp2.3",149.774782,30.9528092861401,-0.497188421373311
